68.05,18.729813933372498,0.6606851549755302,nan,0.8551401869158879,0.7013502779984114,0.6265560165975104,0.8528336380255942,0.44219308700834326,0.9073064340239912,0.9375,0.4609073359073359,0.81,0.0,0.366,0.883,0.755,0.933,0.371,0.832,0.9,0.955
68.58,12.989976167678833,0.9025641025641026,nan,0.871900826446281,0.8831488314883149,0.6280864197530864,0.8983700862895494,0.4009793253536453,0.9393939393939394,0.9218146718146718,0.4673076923076923,0.528,0.0,0.422,0.718,0.814,0.937,0.737,0.775,0.955,0.972
67.66,13.74483036994934,0.6629834254143646,nan,0.45181907571288105,0.7783882783882784,0.881619937694704,0.9689922480620154,0.6156716417910447,0.8537906137184116,0.8991517436380773,0.4799588900308325,0.84,0.0,0.919,0.85,0.283,0.875,0.165,0.946,0.954,0.934
73.2,10.852985143661499,0.7649289099526067,nan,0.8027210884353742,0.8702290076335878,0.6986899563318777,0.8959700093720713,0.5054484492875104,0.8981018981018981,0.9381746810598626,0.4876873661670236,0.807,0.0,0.59,0.798,0.8,0.956,0.603,0.899,0.956,0.911
73.47,11.465133666992188,0.7995930824008138,nan,0.8728682170542635,0.8351758793969849,0.6927763272410792,0.9531737773152965,0.5414847161572053,0.8766114180478821,0.8543859649122807,0.47943037974683544,0.786,0.0,0.563,0.831,0.796,0.916,0.62,0.952,0.974,0.909
73.8,14.457316279411316,0.8853503184713376,nan,0.856,0.648849797023004,0.6865046102263203,0.9772727272727273,0.6627756160830091,0.9,0.9238921001926782,0.4730331519049975,0.695,0.0,0.642,0.959,0.819,0.903,0.511,0.936,0.959,0.956
74.71,10.85523784160614,0.7281879194630873,nan,0.7461089494163424,0.7805294619982921,0.7376283846872083,0.9206963249516441,0.748062015503876,0.941304347826087,0.9224137931034483,0.47677865612648224,0.868,0.0,0.767,0.914,0.79,0.952,0.386,0.866,0.963,0.965
74.37,11.834781289100647,0.7508741258741258,nan,0.9106583072100314,0.8881578947368421,0.6609410007468259,0.9418837675350702,0.6097852028639618,0.9192422731804586,0.9114043355325165,0.46540880503144655,0.859,0.0,0.581,0.81,0.885,0.94,0.511,0.922,0.967,0.962
72.39,11.765694379806519,0.9194630872483222,nan,0.8972809667673716,0.9392405063291139,0.7467336683417085,0.9307992202729045,0.4358056265984655,0.9365244536940687,0.9623217922606925,0.4722085587801279,0.548,0.0,0.594,0.742,0.743,0.955,0.852,0.9,0.945,0.96
75.9,11.054277062416077,0.8324265505984766,nan,0.7911975435005117,0.7611940298507462,0.8006795016987542,0.9507042253521126,0.623062015503876,0.9254783484390735,0.943952802359882,0.4850934815563416,0.765,0.0,0.773,0.918,0.707,0.945,0.643,0.919,0.96,0.96
74.13,11.073543667793274,0.9255663430420712,nan,0.6745283018867925,0.867983367983368,0.7769230769230769,0.9757639620653319,0.5290880503144654,0.8809090909090909,0.9616161616161616,0.4779449922158796,0.572,0.0,0.858,0.835,0.707,0.926,0.673,0.969,0.952,0.921
74.38,11.019793629646301,0.7224919093851133,nan,0.8621151271753681,0.8929359823399559,0.6255989048596852,0.8546712802768166,0.6858877086494689,0.9620253164556962,0.9615384615384616,0.48129423660262893,0.893,0.0,0.644,0.809,0.914,0.988,0.452,0.836,0.95,0.952
76.12,10.303230464458466,0.8897149938042132,nan,0.7833655705996132,0.8358633776091081,0.730701754385965,0.9791894852135816,0.6371220020855057,0.8533801580333626,0.9490196078431372,0.4782833505687694,0.718,0.0,0.81,0.881,0.833,0.894,0.611,0.972,0.968,0.925
73.54,10.840755999088287,0.865296803652968,nan,0.6187455954897816,0.7715481171548118,0.8970189701897019,0.9633401221995926,0.5595942519019442,0.9220272904483431,0.9601196410767697,0.4869029275808937,0.758,0.0,0.878,0.922,0.331,0.946,0.662,0.946,0.963,0.948
75.76,10.03807520866394,0.8290422245108136,nan,0.88268156424581,0.8708333333333333,0.6525547445255474,0.9648760330578512,0.6297747306562194,0.8798908098271155,0.9762886597938144,0.4768831168831169,0.805,0.0,0.632,0.836,0.894,0.934,0.643,0.967,0.947,0.918
74.22,11.643532872200012,0.8685121107266436,nan,0.7422096317280453,0.9040178571428571,0.8205499276410999,0.9725158562367865,0.5371148459383753,0.9525909592061742,0.9390715667311412,0.4530386740331492,0.753,0.0,0.786,0.81,0.567,0.92,0.767,0.864,0.971,0.984
75.16,10.540622115135193,0.8669778296382731,nan,0.7708533077660594,0.8687690742624619,0.8054245283018868,0.9865921787709497,0.578062449959968,0.8118323746918652,0.9477832512315271,0.46328578975171686,0.743,0.0,0.804,0.854,0.683,0.883,0.722,0.988,0.962,0.877
76.41,10.897092521190643,0.8802816901408451,nan,0.775992438563327,0.7802840434419381,0.8200934579439252,0.8937728937728938,0.6443798449612403,0.9544962080173348,0.9558232931726908,0.48144433299899697,0.75,0.0,0.821,0.934,0.702,0.976,0.665,0.881,0.952,0.96
75.62,10.481425166130066,0.895364238410596,nan,0.8039624608967675,0.7385103011093502,0.7737973387922211,0.8811438784629133,0.6289549376797698,0.9521739130434783,0.9459193706981318,0.48613963039014374,0.676,0.0,0.771,0.932,0.756,0.986,0.656,0.876,0.962,0.947
73.77,10.0132115483284,0.9445407279029463,nan,0.9195979899497487,0.8905742145178764,0.7226148409893993,0.938953488372093,0.4706211527700056,0.9175557710960233,0.9570858283433133,0.4835852006253257,0.545,0.0,0.549,0.822,0.818,0.969,0.841,0.946,0.959,0.928
72.69,11.572377800941467,0.7530329289428076,nan,0.5547703180212014,0.8541247484909457,0.9142857142857143,0.9649484536082474,0.6478318002628121,0.8864668483197093,0.963819095477387,0.46788062721294893,0.869,0.0,0.942,0.849,0.32,0.936,0.493,0.976,0.959,0.925
76.56,10.23953491449356,0.7504273504273504,nan,0.84,0.8324125230202578,0.7102649006622517,0.918233082706767,0.7492063492063492,0.9438669438669439,0.9428294573643411,0.48200709579320833,0.878,0.0,0.735,0.904,0.858,0.977,0.472,0.908,0.973,0.951
76.88,11.527007937431335,0.7788808664259927,nan,0.7617753623188406,0.8261269549218031,0.7813440320962889,0.9759162303664921,0.7503805175038052,0.9100378787878788,0.9574257425742574,0.47087857847976305,0.863,0.0,0.841,0.898,0.779,0.932,0.493,0.961,0.967,0.954
77.52,9.405596375465393,0.8357438016528925,nan,0.7951690821256039,0.8926315789473684,0.7754901960784314,0.9664634146341463,0.6583912611717975,0.943089430894309,0.952755905511811,0.4769155206286837,0.809,0.0,0.823,0.848,0.791,0.951,0.663,0.928,0.968,0.971
77.35,9.015634000301361,0.8306288032454361,nan,0.8618654073199528,0.8151487826871056,0.7228306655433867,0.9801462904911181,0.6837988826815642,0.933531746031746,0.9591633466135459,0.4833084205281515,0.819,0.0,0.73,0.904,0.858,0.938,0.612,0.941,0.963,0.97
76.31,9.732363760471344,0.8266932270916335,nan,0.6795069337442219,0.8724899598393574,0.8461538461538461,0.9810924369747899,0.6255969436485196,0.9025974025974026,0.9727547931382442,0.4838046272493573,0.83,0.0,0.882,0.869,0.583,0.934,0.655,0.973,0.964,0.941
77.25,11.630043029785156,0.8526881720430107,nan,0.7905405405405406,0.8782518210197711,0.766076421248835,0.9817204301075269,0.6911447084233261,0.8981308411214953,0.9502439024390243,0.468033186920449,0.793,0.0,0.819,0.844,0.822,0.913,0.64,0.961,0.974,0.959
76.58,11.704527497291565,0.8311557788944723,nan,0.6925490196078431,0.7600644122383253,0.7952586206896551,0.9743326488706365,0.804159445407279,0.9510416666666667,0.963963963963964,0.4765853658536585,0.827,0.0,0.883,0.944,0.738,0.949,0.464,0.913,0.963,0.977
76.85,9.81467753648758,0.8748564867967853,nan,0.685823754789272,0.7904191616766467,0.835820895522388,0.9792099792099792,0.6905574516496018,0.9178605539637058,0.9594059405940594,0.4879672299027138,0.762,0.0,0.895,0.924,0.672,0.942,0.607,0.961,0.969,0.953
75.38,11.136316657066345,0.8921568627450981,nan,0.6285126799177518,0.7787979966611018,0.9,0.9209783631232361,0.65775950668037,0.9535374868004224,0.9621513944223108,0.4868020304568528,0.728,0.0,0.917,0.933,0.513,0.979,0.64,0.903,0.966,0.959
76.49,10.199072897434235,0.8045977011494253,nan,0.7632311977715878,0.812829525483304,0.8990228013029316,0.9600798403193613,0.6019247594050744,0.928849902534113,0.9677744209466264,0.4819154355578197,0.84,0.0,0.822,0.925,0.552,0.962,0.688,0.953,0.961,0.946
77.66,9.58511996269226,0.8457446808510638,nan,0.789778206364513,0.7831932773109244,0.7942681678607983,0.9583333333333334,0.7111111111111111,0.9537987679671458,0.9642502482621649,0.4821073558648111,0.795,0.0,0.819,0.932,0.776,0.966,0.608,0.929,0.971,0.97
77.91,9.620078086853027,0.8338399189463019,nan,0.8815628815628815,0.8563273073263559,0.7675070028011205,0.9762641898864809,0.6414048059149723,0.9259615384615385,0.9640718562874252,0.482566953006569,0.823,0.0,0.722,0.9,0.822,0.946,0.694,0.963,0.966,0.955
77.76,11.377955555915833,0.8680089485458613,nan,0.8618721461187214,0.8614157527417746,0.7350210970464135,0.9491691104594331,0.6599229287090559,0.9465186680121089,0.9755600814663951,0.4770916334661355,0.776,0.0,0.755,0.864,0.871,0.971,0.685,0.938,0.958,0.958
77.81,10.695361614227295,0.8280318091451292,nan,0.7408041060735672,0.8586640851887706,0.8226872246696035,0.9744637385086823,0.7051569506726457,0.9539406345957011,0.9725888324873097,0.47537786445636276,0.833,0.0,0.866,0.887,0.747,0.954,0.629,0.932,0.958,0.975
77.56,10.466027557849884,0.8747099767981439,nan,0.8001939864209505,0.797588285960379,0.8106694560669456,0.9124767225325885,0.6723276723276723,0.9379450661241099,0.9668674698795181,0.484504132231405,0.754,0.0,0.825,0.926,0.775,0.98,0.673,0.922,0.963,0.938
77.61,10.677998006343842,0.797608095676173,nan,0.8038647342995169,0.8466603951081844,0.7583333333333333,0.9790575916230366,0.7425876010781671,0.8684907325684025,0.9748490945674044,0.4730507587650445,0.867,0.0,0.832,0.9,0.819,0.935,0.551,0.984,0.969,0.904
77.49,11.436317801475525,0.7885662431941923,nan,0.791015625,0.8689175769612711,0.6928406466512702,0.9333333333333333,0.802065404475043,0.94,0.9708835341365462,0.4853168469860896,0.869,0.0,0.81,0.875,0.9,0.98,0.466,0.94,0.967,0.942
77.83,10.900979042053223,0.8772727272727273,nan,0.8128712871287128,0.8911419423692636,0.7623762376237624,0.9684959349593496,0.6663395485770363,0.9475806451612904,0.9737638748738647,0.46772639691714835,0.772,0.0,0.821,0.835,0.847,0.953,0.679,0.94,0.965,0.971
77.1,9.177470743656158,0.9045020463847203,nan,0.7892204042348412,0.9085037674919269,0.8045977011494253,0.9560546875,0.5713229859571323,0.9360865290068829,0.9708542713567839,0.4828469022017409,0.663,0.0,0.82,0.844,0.77,0.979,0.773,0.952,0.966,0.943
78.31,10.988118886947632,0.7823741007194245,nan,0.8379772961816305,0.8872802481902792,0.7772685609532539,0.9668674698795181,0.7223557692307693,0.955193482688391,0.9661016949152542,0.474609375,0.87,0.0,0.812,0.858,0.848,0.963,0.601,0.938,0.969,0.972
77.85,10.103205561637878,0.8687782805429864,nan,0.8606741573033708,0.8428974600188147,0.8294829482948295,0.9511241446725318,0.6045597484276729,0.9482758620689655,0.965,0.48606183476938675,0.768,0.0,0.766,0.896,0.754,0.973,0.769,0.935,0.965,0.959
77.93,12.891312956809998,0.8556263269639066,nan,0.7628318584070797,0.8328690807799443,0.7810650887573964,0.9771309771309772,0.7226107226107226,0.8988970588235294,0.968937875751503,0.48213360952874157,0.806,0.0,0.862,0.897,0.792,0.94,0.62,0.978,0.967,0.931
77.87,11.68844735622406,0.8248756218905473,nan,0.7957610789980732,0.8337975858867224,0.7641073080481036,0.9677744209466264,0.7317073170731707,0.9202279202279202,0.9708835341365462,0.4757330637007078,0.829,0.0,0.826,0.898,0.826,0.961,0.57,0.969,0.967,0.941
78.37,8.967646539211273,0.8805970149253731,nan,0.8272357723577236,0.8015597920277296,0.8081632653061225,0.9642147117296223,0.6686046511627907,0.9497991967871486,0.9642147117296223,0.4885844748858447,0.767,0.0,0.814,0.925,0.792,0.97,0.69,0.946,0.97,0.963
77.39,10.32703948020935,0.7554991539763113,nan,0.7098569157392687,0.8359020852221215,0.844626168224299,0.9613478691774033,0.7967213114754098,0.9639065817409767,0.9758064516129032,0.4765625,0.893,0.0,0.893,0.922,0.723,0.97,0.486,0.908,0.968,0.976
77.7,11.720288872718811,0.8148148148148148,nan,0.832438238453276,0.8767820773930753,0.6932515337423313,0.9465500485908649,0.7567567567567568,0.9577754891864058,0.9757820383451059,0.47593320235756387,0.858,0.0,0.775,0.861,0.904,0.974,0.532,0.93,0.967,0.969
78.41,9.107121050357819,0.8227360308285164,nan,0.7819198508853681,0.8563218390804598,0.8372641509433962,0.9681274900398407,0.6764995083579154,0.9384765625,0.970970970970971,0.4879672299027138,0.854,0.0,0.839,0.894,0.71,0.972,0.688,0.961,0.97,0.953
78.34,9.729279935359955,0.8438133874239351,nan,0.7542448614834674,0.8437209302325581,0.8316498316498316,0.9624134520276953,0.6981132075471698,0.9453280318091452,0.9786150712830958,0.4853238866396761,0.832,0.0,0.844,0.907,0.741,0.973,0.666,0.951,0.961,0.959
78.39,10.125567018985748,0.8582169709989259,nan,0.8061325420375866,0.8590604026845637,0.8114169215086646,0.9484435797665369,0.6721951219512196,0.9597938144329897,0.969061876247505,0.48133399701343954,0.799,0.0,0.815,0.896,0.796,0.975,0.689,0.931,0.971,0.967
77.98,9.337448835372925,0.856687898089172,nan,0.7246496290189612,0.8474418604651163,0.8824343015214384,0.969939879759519,0.6666666666666666,0.9473684210526315,0.9767911200807265,0.48516842634489693,0.807,0.0,0.879,0.911,0.638,0.968,0.708,0.954,0.968,0.965
78.9,9.108691215515137,0.8777777777777778,nan,0.8148873653281097,0.8056506849315068,0.8109201213346815,0.9513145082765336,0.7133757961783439,0.9562563580874873,0.9748743718592965,0.4891139240506329,0.79,0.0,0.832,0.941,0.802,0.977,0.672,0.94,0.97,0.966
78.96,8.899745166301727,0.8459183673469388,nan,0.805019305019305,0.8491096532333646,0.8204857444561774,0.9737903225806451,0.6983805668016194,0.9414634146341463,0.9748490945674044,0.487062404870624,0.829,0.0,0.834,0.906,0.777,0.966,0.69,0.965,0.969,0.96
78.71,9.145150542259216,0.8559585492227979,nan,0.7304847986852917,0.8671193016488846,0.8325942350332595,0.9718592964824121,0.7240223463687151,0.9423264907135875,0.9759036144578314,0.48582995951417,0.826,0.0,0.889,0.894,0.751,0.967,0.648,0.964,0.972,0.96
79.26,8.583376467227936,0.8520041109969168,nan,0.791743119266055,0.837739288969918,0.8071216617210683,0.9653121902874133,0.7583333333333333,0.9511465603190429,0.9758793969849247,0.4858728557013118,0.829,0.0,0.863,0.919,0.816,0.974,0.637,0.954,0.971,0.963
79.06,9.089033365249634,0.854602510460251,nan,0.8308308308308309,0.8275245755138516,0.7867165575304023,0.9569471624266145,0.747086247086247,0.9615384615384616,0.9721115537848606,0.4833416210840378,0.817,0.0,0.83,0.926,0.841,0.978,0.641,0.925,0.976,0.972
79.3,9.176392614841461,0.8105065666041276,nan,0.8001850138760407,0.861376673040153,0.7988560533841754,0.9739217652958877,0.7724317295188556,0.9478346456692913,0.9768844221105528,0.4856133266027259,0.864,0.0,0.865,0.901,0.838,0.971,0.594,0.963,0.972,0.962
79.26,9.09896469116211,0.8569926393270242,nan,0.8249258160237388,0.8758689175769613,0.7914735866543096,0.9643916913946587,0.7064315352697096,0.9574898785425101,0.9778449144008057,0.4849699398797595,0.815,0.0,0.834,0.882,0.854,0.975,0.681,0.946,0.971,0.968
79.3,8.292293965816498,0.8449144008056395,nan,0.7872727272727272,0.8807157057654076,0.7971014492753623,0.9738693467336683,0.7422680412371134,0.9407766990291262,0.973026973026973,0.48500254194204373,0.839,0.0,0.866,0.886,0.825,0.969,0.648,0.969,0.974,0.954
78.16,9.288088500499725,0.846309403437816,nan,0.6836581709145427,0.873900293255132,0.8553921568627451,0.9719438877755511,0.736904761904762,0.9611054247697032,0.973973973973974,0.48122529644268774,0.837,0.0,0.912,0.894,0.698,0.97,0.619,0.939,0.973,0.974
79.1,9.35479998588562,0.8487654320987654,nan,0.784366576819407,0.8640308582449373,0.8099089989888777,0.9672619047619048,0.7378531073446327,0.960325534079349,0.972027972027972,0.4821073558648111,0.825,0.0,0.873,0.896,0.801,0.975,0.653,0.944,0.973,0.97
79.47,9.060550212860107,0.8442871587462083,nan,0.824284304047384,0.8605539637058262,0.814453125,0.9719438877755511,0.7228144989339019,0.9460255152109912,0.9768378650553877,0.4850934815563416,0.835,0.0,0.835,0.901,0.834,0.97,0.678,0.964,0.97,0.96
79.31,8.862365961074829,0.8583333333333333,nan,0.8591859185918592,0.8679611650485437,0.7674624226348364,0.9739478957915831,0.7119509703779366,0.9577039274924471,0.9759277833500501,0.48477284073889165,0.824,0.0,0.781,0.894,0.868,0.972,0.697,0.951,0.973,0.971
79.17,9.550240099430084,0.8637803590285111,nan,0.8126213592233009,0.857278782112274,0.8304721030042919,0.9749247743229689,0.6915708812260536,0.955,0.980788675429727,0.481592039800995,0.818,0.0,0.837,0.901,0.774,0.972,0.722,0.955,0.97,0.968
79.41,8.64354956150055,0.8222433460076045,nan,0.8054768649669499,0.84,0.8219037871033776,0.9691235059760956,0.763855421686747,0.937137330754352,0.9759519038076152,0.48612538540596095,0.865,0.0,0.853,0.924,0.803,0.973,0.634,0.969,0.974,0.946
79.29,9.593193650245667,0.8839779005524862,nan,0.805318138651472,0.8551136363636364,0.8069835111542192,0.9757330637007078,0.7215189873417721,0.9520958083832335,0.9759519038076152,0.4801783944499504,0.8,0.0,0.848,0.903,0.832,0.965,0.684,0.954,0.974,0.969
79.4,8.912256836891174,0.845691382765531,nan,0.7784697508896797,0.872568093385214,0.8108374384236453,0.9739217652958877,0.7619617224880383,0.9575757575757575,0.9759519038076152,0.48212512413108244,0.844,0.0,0.875,0.897,0.823,0.971,0.637,0.948,0.974,0.971
79.52,9.410883009433746,0.841,nan,0.8187984496124031,0.8637236084452975,0.7901119402985075,0.972027972027972,0.7566938300349243,0.9559118236472945,0.9798792756539235,0.4835164835164835,0.841,0.0,0.845,0.9,0.847,0.973,0.65,0.954,0.974,0.968
79.35,8.662825047969818,0.8212927756653993,1.0,0.7889400921658987,0.8699029126213592,0.8274058577405857,0.9749247743229689,0.7380952380952381,0.9462890625,0.975024975024975,0.48630831643002026,0.864,0.001,0.856,0.896,0.791,0.972,0.651,0.969,0.976,0.959
79.24,9.625724375247955,0.8647497337593184,nan,0.8070678127984718,0.849213691026827,0.8571428571428571,0.9719719719719719,0.6877956480605487,0.954,0.9769076305220884,0.4842421210605303,0.812,0.0,0.845,0.918,0.756,0.971,0.727,0.954,0.973,0.968
79.5,8.884176969528198,0.8357771260997068,nan,0.8091168091168092,0.8659003831417624,0.8295218295218295,0.9701195219123506,0.7334058759521219,0.9613428280773143,0.9730538922155688,0.48407960199004973,0.855,0.0,0.852,0.904,0.798,0.974,0.674,0.945,0.975,0.973
79.73,8.350934624671936,0.8415841584158416,nan,0.8197507190795782,0.8639391056137012,0.8187250996015937,0.9644970414201184,0.7414741474147415,0.9556898288016112,0.974974974974975,0.48710166919575115,0.85,0.0,0.855,0.908,0.822,0.978,0.674,0.949,0.974,0.963
79.57,8.230904817581177,0.8331716779825412,nan,0.8126195028680688,0.8859126984126984,0.7664359861591695,0.9778002018163471,0.7783572359843546,0.9470588235294117,0.9730538922155688,0.4861040929762506,0.859,0.0,0.85,0.893,0.886,0.969,0.597,0.966,0.975,0.962
79.63,8.458354890346527,0.8410462776659959,nan,0.7869875222816399,0.8343834383438344,0.8326488706365504,0.9758064516129032,0.7779141104294478,0.9426627793974732,0.9798994974874372,0.4872967479674797,0.836,0.0,0.883,0.927,0.811,0.968,0.634,0.97,0.975,0.959
79.68,9.166338801383972,0.820923656927427,nan,0.8678839957035446,0.8662846227316141,0.7873510540788268,0.9636184857423795,0.7446083995459705,0.9477832512315271,0.9798183652875883,0.4852492370295015,0.871,0.0,0.808,0.907,0.859,0.98,0.656,0.962,0.971,0.954
79.21,9.68094265460968,0.8965922444183314,1.0,0.8300198807157058,0.8537735849056604,0.7936802973977695,0.9710867397806581,0.6963402571711177,0.965979381443299,0.973973973973974,0.4819574888779041,0.763,0.001,0.835,0.905,0.854,0.974,0.704,0.937,0.973,0.975
79.41,8.969553112983704,0.8607594936708861,nan,0.8009345794392523,0.8548689138576779,0.8324552160168599,0.9719719719719719,0.7200413223140496,0.953,0.9769769769769769,0.4842421210605303,0.816,0.0,0.857,0.913,0.79,0.971,0.697,0.953,0.976,0.968
79.06,9.577326476573944,0.9015421115065243,nan,0.7692307692307693,0.8422018348623853,0.8518099547511312,0.9729458917835672,0.6915708812260536,0.9489695780176644,0.9778894472361809,0.4851235501765003,0.76,0.0,0.88,0.918,0.753,0.971,0.722,0.967,0.973,0.962
79.29,9.532033085823059,0.8923611111111112,nan,0.8405650857719476,0.8602661596958175,0.844994617868676,0.9758308157099698,0.6552315608919382,0.9559118236472945,0.9740777666999003,0.4845309381237525,0.771,0.0,0.833,0.905,0.785,0.969,0.764,0.954,0.977,0.971
79.8,8.621977686882019,0.8377581120943953,1.0,0.8315377081292851,0.8853754940711462,0.8294416243654822,0.9711155378486056,0.7164948453608248,0.955955955955956,0.9711442786069652,0.48539778449144005,0.852,0.001,0.849,0.896,0.817,0.975,0.695,0.955,0.976,0.964
79.68,9.274629473686218,0.8537832310838446,nan,0.839918946301925,0.889,0.7746478873239436,0.9701195219123506,0.7397563676633444,0.9613428280773143,0.9769539078156313,0.4838388861263053,0.835,0.0,0.829,0.889,0.88,0.974,0.668,0.945,0.975,0.973
79.52,8.759999990463257,0.8772321428571429,1.0,0.8713513513513513,0.8571428571428571,0.7744227353463587,0.9691542288557214,0.702085402184707,0.954183266932271,0.9768844221105528,0.4876074860900354,0.786,0.001,0.806,0.912,0.872,0.974,0.707,0.958,0.972,0.964
79.64,8.62403130531311,0.8495934959349594,nan,0.7907188353048226,0.8752436647173489,0.8148873653281097,0.9663366336633663,0.741826381059752,0.954228855721393,0.9789156626506024,0.48732251521298176,0.836,0.0,0.869,0.898,0.832,0.976,0.658,0.959,0.975,0.961
79.44,9.46042013168335,0.8811111111111111,nan,0.8701298701298701,0.850844277673546,0.7761989342806395,0.9691848906560636,0.7072434607645876,0.9605662285136501,0.9767911200807265,0.48403193612774453,0.793,0.0,0.804,0.907,0.874,0.975,0.703,0.95,0.968,0.97
79.85,8.32582014799118,0.842,1.0,0.83681592039801,0.874274661508704,0.8210735586481114,0.9692154915590864,0.7166324435318275,0.9516765285996055,0.9798387096774194,0.4880528723945094,0.842,0.001,0.841,0.904,0.826,0.976,0.698,0.965,0.972,0.96
79.4,9.509979844093323,0.8370731707317073,nan,0.7542372881355932,0.8736637512147716,0.8213914849428868,0.9759036144578314,0.7743526510480888,0.9524752475247524,0.9789156626506024,0.4849246231155779,0.858,0.0,0.89,0.899,0.791,0.972,0.628,0.962,0.975,0.965
79.94,9.3295236825943,0.8401960784313726,nan,0.7972727272727272,0.8802747791952895,0.8193484698914116,0.9701789264413518,0.7633410672853829,0.9553128103277061,0.9818365287588294,0.4863773965691221,0.857,0.0,0.877,0.897,0.83,0.976,0.658,0.962,0.973,0.964
79.69,9.214876174926758,0.8210922787193974,nan,0.814218009478673,0.8859126984126984,0.7882136279926335,0.9653808110781404,0.7731829573934837,0.9550898203592815,0.9789579158316634,0.4858585858585859,0.872,0.0,0.859,0.893,0.856,0.976,0.617,0.957,0.977,0.962
79.62,9.001863956451416,0.837573385518591,1.0,0.7961432506887053,0.851512373968836,0.8495092693565977,0.9644619940769991,0.7355555555555555,0.954045954045954,0.9828282828282828,0.4873481781376518,0.856,0.001,0.867,0.929,0.779,0.977,0.662,0.955,0.973,0.963
79.82,9.18833613395691,0.8677859391395593,nan,0.8552361396303901,0.8548689138576779,0.771729587357331,0.9664363277393879,0.7548682703321878,0.9633774160732451,0.9769539078156313,0.4852426213106553,0.827,0.0,0.833,0.913,0.879,0.979,0.659,0.947,0.975,0.97
79.76,9.204397320747375,0.8863134657836644,nan,0.8114446529080676,0.8482060717571297,0.7897623400365631,0.967391304347826,0.7514518002322881,0.9560878243512974,0.9759519038076152,0.48834853090172237,0.803,0.0,0.865,0.922,0.864,0.979,0.647,0.958,0.974,0.964
79.79,9.976831197738647,0.8769063180827886,nan,0.8310679611650486,0.8693957115009746,0.8194308145240432,0.9711155378486056,0.7131474103585658,0.957042957042957,0.9789156626506024,0.48301698301698304,0.805,0.0,0.856,0.892,0.835,0.975,0.716,0.958,0.975,0.967
79.74,9.931672930717468,0.8413793103448276,1.0,0.8448448448448449,0.8686964795432921,0.7776785714285714,0.9663366336633663,0.7605804111245466,0.9611848825331971,0.9779559118236473,0.4845,0.854,0.001,0.844,0.913,0.871,0.976,0.629,0.941,0.976,0.969
80.0,9.556710064411163,0.854251012145749,1.0,0.844689378757515,0.8578110383536015,0.8132183908045977,0.9653465346534653,0.7428884026258206,0.9558676028084253,0.9828456104944501,0.48541247484909456,0.844,0.001,0.843,0.917,0.849,0.975,0.679,0.953,0.974,0.965
79.76,9.59613412618637,0.8654048370136698,nan,0.8107852412488175,0.8743961352657005,0.8140454995054401,0.9710867397806581,0.7264150943396226,0.9489194499017681,0.9809045226130654,0.4853238866396761,0.823,0.0,0.857,0.905,0.823,0.974,0.693,0.966,0.976,0.959
79.95,9.241648375988007,0.8525252525252526,1.0,0.868675995694295,0.8913260219341974,0.7878513145965549,0.9681908548707754,0.7245632065775951,0.9606458123107972,0.9770459081836327,0.48451548451548454,0.844,0.001,0.807,0.894,0.869,0.974,0.705,0.952,0.979,0.97
79.87,9.791071474552155,0.8443349753694581,nan,0.815515610217597,0.8570093457943925,0.8098455598455598,0.9748743718592965,0.7666666666666667,0.9489194499017681,0.9827760891590679,0.4853683148335015,0.857,0.0,0.862,0.917,0.839,0.97,0.644,0.966,0.97,0.962
80.05,9.899968445301056,0.8433497536945813,1.0,0.849746192893401,0.8696069031639502,0.8203883495145631,0.9644268774703557,0.740343347639485,0.9488188976377953,0.9838056680161943,0.4838220424671385,0.856,0.001,0.837,0.907,0.845,0.976,0.69,0.964,0.972,0.957
79.76,9.47517454624176,0.8537832310838446,1.0,0.7961783439490446,0.8647114474929044,0.8354166666666667,0.9768844221105528,0.7403314917127072,0.9517241379310345,0.9779559118236473,0.48417880462079355,0.835,0.002,0.875,0.914,0.802,0.972,0.67,0.966,0.976,0.964
79.87,9.597191095352173,0.854526958290946,1.0,0.814638783269962,0.8733075435203095,0.829393627954779,0.9769076305220884,0.7273673257023934,0.95,0.9769769769769769,0.48535353535353537,0.84,0.002,0.857,0.903,0.807,0.973,0.699,0.969,0.976,0.961
80.12,8.566927790641785,0.8359223300970874,1.0,0.8223495702005731,0.8660377358490566,0.8350409836065574,0.9788732394366197,0.7497219132369299,0.9535573122529645,0.9799196787148594,0.48714069591527986,0.861,0.003,0.861,0.918,0.815,0.973,0.674,0.965,0.976,0.966
80.11,8.767560124397278,0.8514456630109671,1.0,0.830739299610895,0.8801169590643275,0.808206106870229,0.9778449144008057,0.746119733924612,0.9552238805970149,0.9789368104312939,0.48569994982438536,0.854,0.005,0.854,0.903,0.847,0.971,0.673,0.96,0.976,0.968
80.33,8.214874267578125,0.836381135707411,1.0,0.8412228796844181,0.8842001962708538,0.8191387559808613,0.9778449144008057,0.7497206703910615,0.951819075712881,0.9789579158316634,0.4878665318503539,0.869,0.002,0.853,0.901,0.856,0.971,0.671,0.968,0.977,0.965
79.94,8.236548006534576,0.8476953907815631,1.0,0.8053505535055351,0.8648393194706995,0.8279022403258656,0.9808080808080808,0.7460496613995485,0.9527093596059113,0.9760479041916168,0.4876325088339223,0.846,0.004,0.873,0.915,0.813,0.971,0.661,0.967,0.978,0.966
79.99,9.101730942726135,0.843040473840079,1.0,0.8213944603629417,0.8827586206896552,0.8193359375,0.9778894472361809,0.7397107897664071,0.9563492063492064,0.978978978978979,0.4844844844844845,0.854,0.002,0.86,0.896,0.839,0.973,0.665,0.964,0.978,0.968
80.03,8.56106698513031,0.85,1.0,0.8201712654614652,0.8615528531337698,0.8381742738589212,0.9701195219123506,0.7418655097613883,0.9588353413654619,0.9760717846460618,0.4866767219708396,0.85,0.002,0.862,0.921,0.808,0.974,0.684,0.955,0.979,0.968
80.19,8.284836232662201,0.8445544554455445,1.0,0.8503538928210314,0.887240356083086,0.8076923076923077,0.9787018255578094,0.7408207343412527,0.9516288252714709,0.978978978978979,0.486229344016024,0.853,0.003,0.841,0.897,0.861,0.965,0.686,0.964,0.978,0.971
79.96,8.493168890476227,0.8646379853095488,1.0,0.8289855072463768,0.8717703349282296,0.8350202429149798,0.977710233029382,0.7126903553299493,0.948768472906404,0.9731876861966237,0.48714069591527986,0.824,0.002,0.858,0.911,0.825,0.965,0.702,0.963,0.98,0.966
80.19,8.381523549556732,0.8564206268958544,1.0,0.8584710743801653,0.882295719844358,0.801477377654663,0.9757820383451059,0.7336197636949516,0.9517716535433071,0.9693372898120672,0.4876200101061142,0.847,0.004,0.831,0.907,0.868,0.967,0.683,0.967,0.98,0.965
80.0,8.54467511177063,0.8355899419729207,1.0,0.8212237093690249,0.8709369024856597,0.827482447342026,0.9768145161290323,0.748868778280543,0.9525222551928784,0.9760717846460618,0.4866498740554156,0.864,0.002,0.859,0.911,0.825,0.969,0.662,0.963,0.979,0.966
80.07,8.656082153320312,0.8390243902439024,1.0,0.8176638176638177,0.8631677600749765,0.8293172690763052,0.974,0.7575057736720554,0.9516765285996055,0.9799599198396793,0.48685540950455003,0.86,0.003,0.861,0.921,0.826,0.974,0.656,0.965,0.978,0.963
80.22,8.264711856842041,0.858728557013118,1.0,0.8200956937799043,0.8627450980392157,0.8393039918116684,0.9758551307847082,0.7437837837837837,0.9498031496062992,0.9809619238476954,0.48711470439615967,0.851,0.004,0.857,0.924,0.82,0.97,0.688,0.965,0.979,0.964
80.35,8.414448380470276,0.8584428715874621,1.0,0.8473895582329317,0.872848948374761,0.8246124031007752,0.9758793969849247,0.7367864693446089,0.9507874015748031,0.9799599198396793,0.4871277132761232,0.849,0.001,0.844,0.913,0.851,0.971,0.697,0.966,0.978,0.965
80.08,8.52821284532547,0.8346153846153846,1.0,0.8199052132701422,0.8831548198636806,0.8343373493975904,0.9758551307847082,0.7480045610034207,0.9553128103277061,0.9770687936191426,0.4837418709354677,0.868,0.002,0.865,0.907,0.831,0.97,0.656,0.962,0.98,0.967
80.24,8.700858056545258,0.8726315789473684,1.0,0.8603696098562629,0.8636363636363636,0.8097928436911488,0.9748490945674044,0.7323651452282157,0.9508357915437562,0.9818913480885312,0.4856567689984902,0.829,0.002,0.838,0.912,0.86,0.969,0.706,0.967,0.976,0.965
80.07,8.691519320011139,0.8754027926960258,1.0,0.8466195761856711,0.8847290640394089,0.8146341463414634,0.9749498997995992,0.7078544061302682,0.9526627218934911,0.9818731117824774,0.48539778449144005,0.815,0.003,0.839,0.898,0.835,0.973,0.739,0.966,0.975,0.964
80.15,8.238342881202698,0.8744588744588745,1.0,0.8451548451548452,0.8747591522157996,0.8358509566968781,0.9748743718592965,0.7035271687321258,0.9545004945598418,0.98,0.4866498740554156,0.808,0.004,0.846,0.908,0.83,0.97,0.738,0.965,0.98,0.966
80.16,8.179482340812683,0.8394941634241245,1.0,0.8175803402646503,0.8942115768463074,0.8166986564299424,0.972027972027972,0.7580645161290323,0.954228855721393,0.98001998001998,0.48518332496233046,0.863,0.004,0.865,0.896,0.851,0.973,0.658,0.959,0.981,0.966
80.27,8.417721390724182,0.8525576730190572,1.0,0.8359528487229863,0.88,0.8123222748815165,0.9759036144578314,0.7524861878453039,0.9517241379310345,0.98,0.48564231738035263,0.85,0.004,0.851,0.902,0.857,0.972,0.681,0.966,0.98,0.964
80.15,8.767100214958191,0.8734042553191489,1.0,0.8429423459244533,0.8640226628895185,0.818889970788705,0.9817444219066938,0.7184959349593496,0.9536031589338598,0.9838709677419355,0.48717948717948717,0.821,0.004,0.848,0.915,0.841,0.968,0.707,0.966,0.976,0.969
79.95,8.448092699050903,0.8342911877394636,1.0,0.7913669064748201,0.8770571151984511,0.8353909465020576,0.9798387096774194,0.7606635071090048,0.9560878243512974,0.9780658025922233,0.48621553884711777,0.871,0.003,0.88,0.906,0.812,0.972,0.642,0.958,0.981,0.97
80.2,8.413870453834534,0.84375,1.0,0.8156161806208843,0.8803501945525292,0.8237022526934378,0.9769307923771314,0.7560693641618497,0.9581673306772909,0.9780658025922233,0.4864457831325301,0.864,0.003,0.867,0.905,0.841,0.974,0.654,0.962,0.981,0.969
80.12,8.518874704837799,0.84,1.0,0.8240917782026769,0.875,0.8083889418493804,0.9808080808080808,0.7599531615925058,0.9544554455445544,0.9780658025922233,0.4879275653923541,0.861,0.003,0.862,0.903,0.848,0.971,0.649,0.964,0.981,0.97
80.17,8.999206304550171,0.8599182004089979,1.0,0.8323643410852714,0.8798828125,0.8439125910509886,0.9759519038076152,0.7164179104477612,0.9552238805970149,0.9761194029850746,0.48617395676219205,0.841,0.003,0.859,0.901,0.811,0.974,0.72,0.96,0.981,0.967
80.27,7.990677177906036,0.8572874493927125,1.0,0.8437190900098912,0.8662846227316141,0.8037383177570093,0.980788675429727,0.7483296213808464,0.951819075712881,0.978,0.489620253164557,0.847,0.005,0.853,0.907,0.86,0.97,0.672,0.968,0.978,0.967
80.25,8.881406426429749,0.8525252525252526,1.0,0.8476953907815631,0.8666666666666667,0.8186226964112512,0.9797979797979798,0.735949098621421,0.9544554455445544,0.979,0.4889112903225806,0.844,0.004,0.846,0.91,0.844,0.97,0.694,0.964,0.979,0.97
80.15,8.774915158748627,0.8565656565656565,1.0,0.8245445829338447,0.865530303030303,0.8189054726368159,0.9809045226130654,0.7412663755458515,0.9555335968379447,0.978,0.48838383838383836,0.848,0.003,0.86,0.914,0.823,0.976,0.679,0.967,0.978,0.967
80.41,8.837225377559662,0.864476386036961,1.0,0.8357628765792031,0.8792599805258033,0.8223099703849951,0.9809236947791165,0.7349272349272349,0.9565217391304348,0.9780439121756487,0.48813730439172137,0.842,0.004,0.86,0.903,0.833,0.977,0.707,0.968,0.98,0.967
80.22,8.264719903469086,0.8719576719576719,1.0,0.8283510125361621,0.8677450047573739,0.834510595358224,0.9808853118712274,0.7196738022426096,0.9537401574803149,0.9761194029850746,0.4883603238866397,0.824,0.004,0.859,0.912,0.827,0.975,0.706,0.969,0.981,0.965
80.27,8.138580858707428,0.8625254582484725,1.0,0.8059424326833797,0.8762088974854932,0.8463157894736842,0.9799196787148594,0.7323651452282157,0.9574257425742574,0.9780658025922233,0.48863062152602327,0.847,0.005,0.868,0.906,0.804,0.976,0.706,0.967,0.981,0.967
80.4,8.6356982588768,0.8618219037871033,1.0,0.8241444866920152,0.8721374045801527,0.8147792706333973,0.9799398194583752,0.7539149888143176,0.952755905511811,0.98,0.489588623666836,0.842,0.005,0.867,0.914,0.849,0.977,0.674,0.968,0.98,0.964
80.12,8.512644231319427,0.8567073170731707,1.0,0.8394449950445986,0.8790560471976401,0.8295114656031904,0.9798792756539235,0.7157360406091371,0.9572989076464746,0.9751491053677932,0.4856711915535445,0.843,0.006,0.847,0.894,0.832,0.974,0.705,0.964,0.981,0.966
80.48,8.594669103622437,0.8551587301587301,1.0,0.8574358974358974,0.8768186226964112,0.8080524344569289,0.9798994974874372,0.7393162393162394,0.9555774925962488,0.9838872104733132,0.48860759493670886,0.862,0.006,0.836,0.904,0.863,0.975,0.692,0.968,0.977,0.965
80.27,8.760748147964478,0.8634046890927625,1.0,0.8375984251968503,0.8727097396335584,0.8226600985221675,0.9798387096774194,0.7238883143743536,0.9582504970178927,0.9839034205231388,0.4879154078549849,0.847,0.006,0.851,0.905,0.835,0.972,0.7,0.964,0.978,0.969
80.5,8.464827060699463,0.8545994065281899,1.0,0.8502512562814071,0.8793774319066148,0.8160919540229885,0.978894472361809,0.7380191693290735,0.956392467789891,0.9839034205231388,0.48913592723597776,0.864,0.006,0.846,0.904,0.852,0.974,0.693,0.965,0.978,0.968
80.25,8.856258869171143,0.8615071283095723,1.0,0.8205128205128205,0.8684461391801716,0.819704433497537,0.9818548387096774,0.7442371020856202,0.958291956305859,0.980980980980981,0.48817312531454454,0.846,0.005,0.864,0.911,0.832,0.974,0.678,0.965,0.98,0.97
80.48,8.360873997211456,0.8717413972888426,1.0,0.8380213385063046,0.8803501945525292,0.813510941960038,0.9808853118712274,0.7425213675213675,0.9582504970178927,0.9780439121756487,0.4871665827881228,0.836,0.006,0.864,0.905,0.855,0.975,0.695,0.964,0.98,0.968
80.23,8.795041501522064,0.8328530259365994,1.0,0.8483033932135728,0.8869047619047619,0.8025949953660797,0.9789156626506024,0.7531572904707233,0.9572989076464746,0.9770687936191426,0.48617395676219205,0.867,0.004,0.85,0.894,0.866,0.975,0.656,0.964,0.98,0.967
80.44,8.998159348964691,0.8634984833164813,1.0,0.8245948522402288,0.8762088974854932,0.8295114656031904,0.9818181818181818,0.7467948717948718,0.9528487229862476,0.9760479041916168,0.4883603238866397,0.854,0.003,0.865,0.906,0.832,0.972,0.699,0.97,0.978,0.965
80.47,8.246163129806519,0.8463796477495108,1.0,0.8433497536945813,0.8736740597878495,0.8229571984435797,0.9828109201213346,0.7524972253052165,0.9529411764705882,0.9742063492063492,0.48860759493670886,0.865,0.005,0.856,0.906,0.846,0.972,0.678,0.972,0.982,0.965
80.51,8.01713514328003,0.8577194752774975,1.0,0.8422090729783037,0.8722592945662536,0.8260019550342131,0.9779116465863453,0.7475728155339806,0.9547689282202556,0.9751243781094527,0.48859604662949824,0.85,0.005,0.854,0.915,0.845,0.974,0.693,0.971,0.98,0.964
80.21,8.603554487228394,0.8862876254180602,1.0,0.8613963039014374,0.8685714285714285,0.8198458574181118,0.9797979797979798,0.7008547008547008,0.9500978473581213,0.9809428284854563,0.48733535967578523,0.795,0.005,0.839,0.912,0.851,0.97,0.738,0.971,0.978,0.962
80.37,8.608522295951843,0.8478900883218842,1.0,0.8420019627085378,0.8735521235521235,0.8238747553816047,0.9778672032193159,0.7467105263157895,0.9571713147410359,0.978021978021978,0.4879275653923541,0.864,0.005,0.858,0.905,0.842,0.972,0.681,0.961,0.979,0.97
80.44,8.383114695549011,0.8603238866396761,1.0,0.8485456369107321,0.8871287128712871,0.8387423935091278,0.9798387096774194,0.7140077821011673,0.9545454545454546,0.98,0.48813730439172137,0.85,0.006,0.846,0.896,0.827,0.972,0.734,0.966,0.98,0.967
80.37,8.644109547138214,0.8575757575757575,1.0,0.8435643564356435,0.8714011516314779,0.8137535816618912,0.9769307923771314,0.7429805615550756,0.958291956305859,0.9848637739656912,0.48765743073047857,0.849,0.005,0.852,0.908,0.852,0.974,0.688,0.965,0.976,0.968
80.28,8.436461746692657,0.8775510204081632,1.0,0.8466135458167331,0.8739172281039461,0.8210422812192724,0.9768844221105528,0.7116504854368932,0.9601196410767697,0.9858299595141701,0.48817312531454454,0.817,0.006,0.85,0.908,0.835,0.972,0.733,0.963,0.974,0.97
80.18,8.766313552856445,0.8463796477495108,1.0,0.82015065913371,0.8831683168316832,0.8221343873517787,0.9759277833500501,0.7539325842696629,0.9581256231306082,0.9770687936191426,0.4849699398797595,0.865,0.005,0.871,0.892,0.832,0.973,0.671,0.961,0.98,0.968
80.27,8.256254494190216,0.8525576730190572,1.0,0.8433497536945813,0.8870168483647175,0.8046728971962617,0.9769076305220884,0.7385120350109409,0.954679802955665,0.978021978021978,0.4876200101061142,0.85,0.004,0.856,0.895,0.861,0.973,0.675,0.969,0.979,0.965
80.33,8.296509623527527,0.8699271592091571,1.0,0.8365570599613152,0.8768186226964112,0.8242303872889771,0.978894472361809,0.7238193018480493,0.9583333333333334,0.9770687936191426,0.4883955600403633,0.836,0.005,0.865,0.904,0.83,0.974,0.705,0.966,0.98,0.968
80.36,8.515794932842255,0.8615384615384616,1.0,0.8532663316582915,0.8727097396335584,0.83,0.9769307923771314,0.7161354581673307,0.9575098814229249,0.9790209790209791,0.4893724696356275,0.84,0.003,0.849,0.905,0.83,0.974,0.719,0.969,0.98,0.967
80.5,7.606543183326721,0.8461538461538461,1.0,0.8380213385063046,0.8891089108910891,0.8271484375,0.9817813765182186,0.7392703862660944,0.958374628344896,0.9790628115653041,0.4886535552193646,0.858,0.006,0.864,0.898,0.847,0.97,0.689,0.967,0.982,0.969
80.53,7.963622987270355,0.8543983822042467,1.0,0.842156862745098,0.8854064642507345,0.8298918387413963,0.978,0.7323651452282157,0.9574257425742574,0.98001998001998,0.488855116514691,0.845,0.004,0.859,0.904,0.844,0.978,0.706,0.967,0.981,0.965
80.72,7.424967527389526,0.8585961342828077,1.0,0.8376811594202899,0.8809293320425944,0.8396414342629482,0.9798590130916415,0.7382198952879581,0.9574678536102869,0.981,0.4906234161175874,0.844,0.013,0.867,0.91,0.843,0.973,0.705,0.968,0.981,0.968
80.68,7.570183157920837,0.8514851485148515,1.0,0.8291984732824428,0.8945273631840795,0.8397565922920892,0.9809045226130654,0.7333333333333333,0.9594059405940594,0.9829488465396189,0.49063291139240506,0.86,0.014,0.869,0.899,0.828,0.976,0.704,0.969,0.98,0.969
80.69,7.785630822181702,0.8634046890927625,1.0,0.8571428571428571,0.8854064642507345,0.8150619637750238,0.9808274470232089,0.7329192546583851,0.9611166500498505,0.9819639278557114,0.49041372351160445,0.847,0.015,0.852,0.904,0.855,0.972,0.708,0.964,0.98,0.972
80.61,8.117141425609589,0.8578629032258065,1.0,0.8388671875,0.8861629048086359,0.8303747534516766,0.9818181818181818,0.7371727748691099,0.9566074950690335,0.9800598205383848,0.48863062152602327,0.851,0.01,0.859,0.903,0.842,0.972,0.704,0.97,0.983,0.967
80.58,7.720488488674164,0.8625254582484725,1.0,0.8472906403940886,0.8770413064361191,0.8301507537688442,0.9769076305220884,0.7331256490134995,0.9611940298507463,0.9781312127236581,0.48916876574307305,0.847,0.012,0.86,0.913,0.826,0.973,0.706,0.966,0.984,0.971
80.55,7.5726723074913025,0.849601593625498,1.0,0.8281101614434948,0.8941641938674579,0.8439716312056738,0.9817073170731707,0.7323498419388831,0.9536031589338598,0.9800598205383848,0.4891578416540595,0.853,0.013,0.872,0.904,0.833,0.966,0.695,0.966,0.983,0.97
80.64,7.822441816329956,0.8500496524329693,1.0,0.8426197458455523,0.8977955911823647,0.8257502420135527,0.9788519637462235,0.7382978723404255,0.9564787339268052,0.9800598205383848,0.48913592723597776,0.856,0.013,0.862,0.896,0.853,0.972,0.694,0.967,0.983,0.968
80.59,7.616549611091614,0.8477611940298507,1.0,0.8531468531468531,0.8785228377065112,0.8320235756385069,0.9807302231237323,0.7394957983193278,0.9518664047151277,0.981,0.4891249367728882,0.852,0.014,0.854,0.904,0.847,0.967,0.704,0.969,0.981,0.967
80.66,7.476802587509155,0.8651685393258427,1.0,0.8551307847082495,0.8710601719197708,0.8318496538081108,0.9778225806451613,0.7344228804902962,0.9546351084812623,0.980980980980981,0.4901165737455651,0.847,0.012,0.85,0.912,0.841,0.97,0.719,0.968,0.98,0.967
80.66,7.389936864376068,0.8511904761904762,1.0,0.8423645320197044,0.8828125,0.8188751191611058,0.9741293532338309,0.7494505494505495,0.9556650246305419,0.9819819819819819,0.49106687085247575,0.858,0.016,0.855,0.904,0.859,0.979,0.682,0.97,0.981,0.962
80.74,7.544918417930603,0.8533201189296333,1.0,0.8363988383349468,0.8807692307692307,0.8408408408408409,0.9759519038076152,0.7470398277717977,0.9555335968379447,0.982,0.4898373983739837,0.861,0.012,0.864,0.916,0.84,0.974,0.694,0.967,0.982,0.964
80.55,7.743334531784058,0.8638689866939611,1.0,0.8375486381322957,0.8714555765595463,0.8253658536585365,0.9817997977755308,0.7450980392156863,0.949317738791423,0.9780876494023905,0.48957803762074226,0.844,0.008,0.861,0.922,0.846,0.971,0.684,0.974,0.982,0.963
80.53,7.8378419280052185,0.8514851485148515,1.0,0.8287081339712918,0.882865440464666,0.823069403714565,0.9769076305220884,0.7552836484983315,0.9564356435643564,0.9790209790209791,0.48910288900152055,0.86,0.01,0.866,0.912,0.842,0.973,0.679,0.966,0.98,0.965
80.65,7.763875186443329,0.8517786561264822,1.0,0.8424657534246576,0.8837209302325582,0.8265107212475633,0.9808274470232089,0.7478165938864629,0.9528023598820059,0.9780439121756487,0.4898580121703854,0.862,0.01,0.861,0.912,0.848,0.972,0.685,0.969,0.98,0.966
80.77,7.680886626243591,0.8513779527559056,1.0,0.8488142292490118,0.8905180840664711,0.8221153846153846,0.9778002018163471,0.750816104461371,0.9528023598820059,0.981,0.4903553299492386,0.865,0.012,0.859,0.911,0.855,0.969,0.69,0.969,0.981,0.966
80.8,7.474839866161346,0.8687690742624619,1.0,0.8320537428023033,0.8834296724470135,0.8284313725490197,0.9798994974874372,0.7457081545064378,0.954679802955665,0.9829317269076305,0.491353001017294,0.854,0.013,0.867,0.917,0.845,0.975,0.695,0.969,0.979,0.966
80.68,7.785109758377075,0.8681541582150102,1.0,0.8419512195121951,0.8793103448275862,0.8260869565217391,0.972139303482587,0.746268656716418,0.9554896142433235,0.9819458375125376,0.48859604662949824,0.856,0.009,0.863,0.918,0.836,0.977,0.7,0.966,0.979,0.964
80.58,7.479859948158264,0.86414708886619,1.0,0.8405088062622309,0.8729857819905213,0.8350202429149798,0.975975975975976,0.7349896480331263,0.9573835480673935,0.9809428284854563,0.4898682877406282,0.846,0.011,0.859,0.921,0.825,0.975,0.71,0.966,0.978,0.967
80.58,7.483304679393768,0.860488798370672,1.0,0.8411306042884991,0.8805394990366089,0.8250728862973761,0.9816887080366226,0.7401069518716578,0.9536489151873767,0.980980980980981,0.4893939393939394,0.845,0.014,0.863,0.914,0.849,0.965,0.692,0.967,0.98,0.969
80.67,7.735531389713287,0.8607214428857716,1.0,0.8380213385063046,0.8853255587949466,0.8334985133795837,0.974974974974975,0.7401490947816827,0.9553571428571429,0.9819819819819819,0.4891139240506329,0.859,0.013,0.864,0.911,0.841,0.974,0.695,0.963,0.981,0.966
80.54,7.698965549468994,0.8629441624365483,1.0,0.833810888252149,0.8784956605593057,0.8351648351648352,0.9778225806451613,0.7362869198312236,0.9563058589870904,0.9828801611278952,0.48890010090817354,0.85,0.008,0.873,0.911,0.836,0.97,0.698,0.963,0.976,0.969
80.83,7.283249795436859,0.8613065326633166,1.0,0.8510427010923535,0.8813886210221794,0.8169014084507042,0.980788675429727,0.755750273822563,0.9500489715964741,0.9839034205231388,0.49059481443823083,0.857,0.012,0.857,0.914,0.87,0.97,0.69,0.97,0.978,0.965
80.74,7.398394286632538,0.852589641434263,1.0,0.8447265625,0.8755980861244019,0.8366336633663366,0.9808080808080808,0.7527233115468409,0.952755905511811,0.9761668321747765,0.4901165737455651,0.856,0.013,0.865,0.915,0.845,0.971,0.691,0.968,0.983,0.967
80.6,7.938000202178955,0.856,1.0,0.8378640776699029,0.875,0.8323412698412699,0.9798590130916415,0.748099891422367,0.954679802955665,0.980980980980981,0.48863062152602327,0.856,0.007,0.863,0.917,0.839,0.973,0.689,0.969,0.98,0.967
80.71,7.6236783266067505,0.8588709677419355,1.0,0.8557114228456913,0.8866080156402737,0.8244422890397672,0.9779559118236473,0.740894901144641,0.9563058589870904,0.980980980980981,0.4886535552193646,0.852,0.008,0.854,0.907,0.85,0.976,0.712,0.963,0.98,0.969
80.61,7.9568257331848145,0.8481880509304603,1.0,0.8441814595660749,0.8772770853307766,0.8099250936329588,0.9789368104312939,0.7609699769053118,0.9538763493621197,0.9829317269076305,0.49034552845528456,0.866,0.008,0.856,0.915,0.865,0.976,0.659,0.972,0.979,0.965
80.79,7.603643178939819,0.8642350557244174,1.0,0.8467583497053045,0.8830297219558965,0.8238141335914811,0.9750747756729811,0.7470398277717977,0.9592850049652433,0.9819277108433735,0.489620253164557,0.853,0.009,0.862,0.921,0.851,0.978,0.694,0.966,0.978,0.967
80.48,8.229633808135986,0.8555667001003009,1.0,0.8443349753694581,0.8849129593810445,0.8269419862340216,0.9807106598984772,0.7343251859723698,0.9528023598820059,0.98001998001998,0.4874118831822759,0.853,0.007,0.857,0.915,0.841,0.966,0.691,0.969,0.981,0.968
80.67,7.819585621356964,0.855,1.0,0.8462301587301587,0.8840579710144928,0.8408862034239678,0.9769307923771314,0.7274590163934426,0.9592039800995025,0.9829488465396189,0.49013657056145676,0.855,0.012,0.853,0.915,0.835,0.974,0.71,0.964,0.98,0.969
80.55,7.7737932205200195,0.8504950495049505,1.0,0.8334937439846006,0.8805394990366089,0.8293885601577909,0.9778672032193159,0.7425742574257426,0.9573835480673935,0.9819819819819819,0.49038461538461536,0.859,0.012,0.866,0.914,0.841,0.972,0.675,0.966,0.981,0.969
80.51,7.937053442001343,0.8461538461538461,1.0,0.844400396432111,0.8840579710144928,0.8323353293413174,0.9769307923771314,0.7285115303983228,0.9537856440511308,0.9838872104733132,0.49008642602948654,0.858,0.012,0.852,0.915,0.834,0.974,0.695,0.97,0.977,0.964
80.54,7.550049781799316,0.8575757575757575,1.0,0.8390243902439024,0.8880233690360273,0.8278606965174129,0.9788732394366197,0.7271784232365145,0.9528949950932286,0.9819458375125376,0.49085365853658536,0.849,0.011,0.86,0.912,0.832,0.973,0.701,0.971,0.979,0.966
80.7,7.746776342391968,0.8626653102746694,1.0,0.8588832487309644,0.8833652007648184,0.8225650916104147,0.9789156626506024,0.7237798546209762,0.9556213017751479,0.9839195979899498,0.49085365853658536,0.848,0.013,0.846,0.924,0.853,0.975,0.697,0.969,0.979,0.966
80.57,7.526124060153961,0.8620689655172413,1.0,0.8295019157088123,0.8879142300194932,0.8305252725470763,0.9779338014042126,0.7321997874601488,0.9575518262586377,0.9819639278557114,0.48936170212765956,0.85,0.012,0.866,0.911,0.838,0.975,0.689,0.97,0.98,0.966
80.78,8.184701025485992,0.8582914572864322,1.0,0.853,0.888125613346418,0.8208530805687204,0.9750747756729811,0.7406216505894962,0.9548577036310107,0.982982982982983,0.49032586558044805,0.854,0.013,0.853,0.905,0.866,0.978,0.691,0.973,0.982,0.963
80.88,7.632403552532196,0.8700102354145343,1.0,0.8283018867924529,0.8857421875,0.83088954056696,0.9789156626506024,0.75,0.9594460929772503,0.9771598808341608,0.4923780487804878,0.85,0.018,0.878,0.907,0.85,0.975,0.687,0.97,0.984,0.969
80.87,7.686216831207275,0.8594377510040161,1.0,0.8617558022199798,0.8938492063492064,0.8158878504672897,0.977,0.7427961579509071,0.9528487229862476,0.982,0.48981670061099797,0.856,0.016,0.854,0.901,0.873,0.977,0.696,0.97,0.982,0.962
80.65,7.821658730506897,0.8751322751322751,1.0,0.8419512195121951,0.8801534036433365,0.8444216990788127,0.9789368104312939,0.721,0.94921875,0.9752475247524752,0.48980632008154945,0.827,0.017,0.863,0.918,0.825,0.976,0.721,0.972,0.985,0.961
80.86,7.662698686122894,0.8731808731808732,1.0,0.8501984126984127,0.8826382153249273,0.83203125,0.979,0.7353846153846154,0.9521016617790812,0.9791044776119403,0.4903061224489796,0.84,0.012,0.857,0.91,0.852,0.979,0.717,0.974,0.984,0.961
80.83,8.342380821704865,0.8639112903225806,1.0,0.8409756097560975,0.87776708373436,0.8284600389863548,0.9798590130916415,0.7581344902386117,0.9482926829268292,0.982982982982983,0.49008642602948654,0.857,0.012,0.862,0.912,0.85,0.973,0.699,0.972,0.982,0.964
80.75,7.950209259986877,0.8472086190009794,1.0,0.8533201189296333,0.8828125,0.8195631528964862,0.9789156626506024,0.7566666666666667,0.9509322865554465,0.9829488465396189,0.4898373983739837,0.865,0.013,0.861,0.904,0.863,0.975,0.681,0.969,0.98,0.964
80.86,7.798182308673859,0.8536102868447082,1.0,0.8433852140077821,0.8848780487804878,0.8356164383561644,0.9769539078156313,0.7588105726872246,0.9573835480673935,0.9732408325074331,0.490126582278481,0.863,0.015,0.867,0.907,0.854,0.975,0.689,0.966,0.982,0.968
80.69,7.984599530696869,0.8509378084896347,1.0,0.8466864490603363,0.8794599807135969,0.8334985133795837,0.9778894472361809,0.7446581196581197,0.9574257425742574,0.9819639278557114,0.4896412329459323,0.862,0.012,0.856,0.912,0.841,0.973,0.697,0.967,0.98,0.969
80.76,7.706992447376251,0.8617558022199798,1.0,0.841642228739003,0.8878048780487805,0.83399209486166,0.9768611670020121,0.7379454926624738,0.9555774925962488,0.981,0.49036511156186613,0.854,0.016,0.861,0.91,0.844,0.971,0.704,0.968,0.981,0.967
80.81,8.301737129688263,0.8729338842975206,1.0,0.8434442270058709,0.8815028901734104,0.8421052631578947,0.9778672032193159,0.7352342158859471,0.9592039800995025,0.9790628115653041,0.4894153225806452,0.845,0.016,0.862,0.915,0.832,0.972,0.722,0.964,0.982,0.971
80.79,7.911884188652039,0.8710010319917441,1.0,0.844946025515211,0.8820116054158608,0.8255813953488372,0.9816887080366226,0.7413249211356467,0.9537856440511308,0.9829659318637275,0.4903943377148635,0.844,0.019,0.861,0.912,0.852,0.965,0.705,0.97,0.981,0.97
80.74,8.057933032512665,0.8544366899302094,1.0,0.8492610837438423,0.8869395711500975,0.8326771653543307,0.975975975975976,0.7424892703862661,0.9601593625498008,0.9762140733399405,0.48864209994952046,0.857,0.015,0.862,0.91,0.846,0.975,0.692,0.964,0.985,0.968
80.77,8.350592255592346,0.8655804480651731,1.0,0.850597609561753,0.8846899224806202,0.8333333333333334,0.978894472361809,0.7320328542094456,0.9591633466135459,0.9859437751004017,0.48841893252769386,0.85,0.013,0.854,0.913,0.845,0.974,0.713,0.963,0.982,0.97
