68.3,8.66582453250885,0.8244552058111381,0.9921700223713646,0.8503937007874016,0.7438162544169611,0.7988338192419825,0.6957787481804949,0.29105571847507333,0.9816091954022989,0.9524324324324325,0.805921052631579,0.681,0.887,0.108,0.842,0.274,0.956,0.794,0.427,0.881,0.98
76.65,6.889935076236725,0.7672327672327672,0.9753846153846154,0.8487394957983193,0.8122977346278317,0.48481729284611425,0.7043354655294953,0.5635103926096998,0.9392592592592592,0.9,0.9380081300813008,0.768,0.951,0.505,0.753,0.942,0.991,0.244,0.634,0.954,0.923
75.73,7.454605281352997,0.6109625668449198,0.948768472906404,0.7578040904198062,0.9406307977736549,0.5179372197309418,0.9936507936507937,0.7769784172661871,0.7384356602186711,0.8908256880733945,0.8225399495374264,0.914,0.963,0.704,0.507,0.924,0.626,0.108,0.878,0.971,0.978
81.5,5.350813031196594,0.7723342939481268,0.9775280898876404,0.8659476117103235,0.7356687898089171,0.6586314152410575,0.993234100135318,0.6506666666666666,0.8109090909090909,0.9235181644359465,0.8457538994800693,0.804,0.957,0.562,0.924,0.847,0.734,0.488,0.892,0.966,0.976
81.99,5.499947369098663,0.6569808646350106,0.9733333333333334,0.599862258953168,0.868937048503612,0.701688555347092,0.9311701081612586,0.9,0.9240890688259109,0.9611451942740287,0.931640625,0.927,0.949,0.871,0.842,0.748,0.947,0.108,0.913,0.94,0.954
83.78,4.693766325712204,0.7475642161204605,0.9825102880658436,0.7697993664202746,0.8677685950413223,0.7552870090634441,0.9811738648947951,0.6340269277845777,0.9073705179282868,0.8203842940685045,0.9,0.844,0.955,0.729,0.84,0.75,0.886,0.518,0.911,0.982,0.963
83.48,4.500467091798782,0.898379970544919,0.9875259875259875,0.8421717171717171,0.867570385818561,0.7537537537537538,0.964509394572025,0.48073394495412847,0.9012464046021093,0.9760665972944849,0.9367588932806324,0.61,0.95,0.667,0.832,0.753,0.924,0.786,0.94,0.938,0.948
83.28,4.980508744716644,0.7259816207184628,0.9988518943742825,0.7059301380991064,0.6847826086956522,0.8706624605678234,0.9756613756613757,0.6730205278592375,0.9114173228346457,0.952286282306163,0.9229287090558767,0.869,0.87,0.869,0.945,0.552,0.922,0.459,0.926,0.958,0.958
84.39,4.394457012414932,0.8409343715239155,0.983640081799591,0.7238605898123325,0.8667366211962224,0.7025089605734767,0.9228571428571428,0.6178194607268465,0.952329360780065,0.9077212806026366,0.9188156638013372,0.756,0.962,0.81,0.826,0.784,0.969,0.527,0.879,0.964,0.962
81.74,5.274482160806656,0.676842889054356,0.9816138917262512,0.7507477567298105,0.9345088161209067,0.5784499054820416,0.9563008130081301,0.8133971291866029,0.9522144522144522,0.9080779944289693,0.8447684391080618,0.909,0.961,0.753,0.742,0.918,0.941,0.17,0.817,0.978,0.985
85.34,4.219147235155106,0.8331539289558665,0.9795501022494888,0.8650990099009901,0.7430610626486915,0.73224043715847,0.9604863221884499,0.6380090497737556,0.9226957383548068,0.9328859060402684,0.9431704885343968,0.774,0.958,0.699,0.937,0.804,0.948,0.564,0.931,0.973,0.946
83.15,4.683599084615707,0.8542825361512792,0.7835703001579779,0.8078175895765473,0.9014778325123153,0.8453038674033149,0.992,0.5346181299072091,0.8581623550401427,0.9690721649484536,0.9376854599406528,0.768,0.992,0.744,0.732,0.612,0.868,0.749,0.962,0.94,0.948
78.0,5.9887611865997314,0.9442379182156134,0.9978609625668449,0.9298642533936652,0.7976618705035972,0.5864951768488746,0.6910229645093946,0.4975609756097561,0.961730449251248,0.974012474012474,0.943031536113937,0.508,0.933,0.411,0.887,0.912,0.993,0.714,0.578,0.937,0.927
85.62,4.054853081703186,0.7695729537366548,0.980788675429727,0.7115702479338843,0.8451369216241738,0.8154897494305239,0.9593908629441624,0.7339055793991416,0.9566704675028507,0.9401544401544402,0.8608923884514436,0.865,0.97,0.861,0.895,0.716,0.945,0.513,0.839,0.974,0.984
83.63,4.3850414752960205,0.8490990990990991,0.9927385892116183,0.8662162162162163,0.750801282051282,0.821236559139785,0.8922374429223744,0.5134943181818182,0.9570135746606335,0.9549098196392786,0.9350145489815713,0.754,0.957,0.641,0.937,0.611,0.977,0.723,0.846,0.953,0.964
85.22,4.100825548171997,0.7713523131672598,0.9896800825593395,0.7530288909599254,0.8506304558680893,0.8032979976442874,0.9709844559585492,0.6437768240343348,0.9588100686498856,0.952755905511811,0.8449014567266495,0.867,0.959,0.808,0.877,0.682,0.937,0.6,0.838,0.968,0.986
86.12,4.054950773715973,0.8671328671328671,0.9978880675818373,0.7625113739763422,0.7704248366013072,0.8195402298850575,0.9533730158730159,0.6738894907908992,0.9478079331941545,0.9119850187265918,0.9224880382775119,0.744,0.945,0.838,0.943,0.713,0.961,0.622,0.908,0.974,0.964
83.78,4.552584141492844,0.7736185383244206,0.982706002034588,0.561510353227771,0.9036544850498339,0.7155778894472362,0.9501466275659824,0.8164383561643835,0.9546413502109705,0.9713993871297242,0.9307692307692308,0.868,0.966,0.922,0.816,0.712,0.972,0.298,0.905,0.951,0.968
83.46,4.868821531534195,0.6134185303514377,0.9917098445595854,0.8756830601092896,0.9230769230769231,0.669433962264151,0.9939831528279182,0.7365684575389948,0.8249359521776259,0.9670658682634731,0.947,0.96,0.957,0.641,0.768,0.887,0.826,0.425,0.966,0.969,0.947
83.74,5.087808907032013,0.7939156035328754,0.9837067209775967,0.5887305699481865,0.837890625,0.6888320545609549,0.9433040078201369,0.8978723404255319,0.9245098039215687,0.9621136590229312,0.962128966223132,0.809,0.966,0.909,0.858,0.808,0.965,0.211,0.943,0.965,0.94
86.85,3.7688333690166473,0.8066985645933015,0.9958202716823407,0.8262757871878393,0.8116071428571429,0.7010309278350515,0.9754350051177073,0.7398255813953488,0.9291338582677166,0.9690927218344965,0.9456521739130435,0.843,0.953,0.761,0.909,0.884,0.953,0.509,0.944,0.972,0.957
85.14,4.441033840179443,0.7786738351254481,0.9867751780264497,0.8863328822733424,0.8286235186873291,0.6015625,0.959,0.7717842323651453,0.9086584205518554,0.9381044487427466,0.9677754677754677,0.869,0.97,0.655,0.909,0.924,0.959,0.372,0.955,0.97,0.931
85.63,3.9648017585277557,0.8730904817861339,0.9857578840284842,0.8516355140186916,0.8292682926829268,0.634453781512605,0.9780334728033473,0.6602809706257982,0.9242125984251969,0.9454722492697176,0.9381044487427466,0.743,0.969,0.729,0.884,0.906,0.935,0.517,0.939,0.971,0.97
85.71,4.011796832084656,0.7888784165881244,0.9947970863683663,0.8257575757575758,0.7652811735941321,0.7633587786259542,0.9860064585575888,0.6724137931034483,0.8388464800678541,0.9824198552223371,0.9809417040358744,0.837,0.956,0.763,0.939,0.8,0.916,0.546,0.989,0.95,0.875
84.87,4.487244248390198,0.7837591240875912,0.997907949790795,0.8922345483359746,0.8733401430030644,0.5861214374225526,0.9657603222557906,0.7230320699708455,0.8918669131238447,0.9513618677042801,0.9754010695187165,0.859,0.954,0.563,0.855,0.946,0.959,0.496,0.965,0.978,0.912
86.6,3.7635597586631775,0.7523727351164797,0.9937759336099585,0.8100208768267223,0.8856848609680742,0.7506631299734748,0.9495145631067962,0.6742788461538461,0.9596069868995634,0.9775280898876404,0.9150943396226415,0.872,0.958,0.776,0.86,0.849,0.978,0.561,0.879,0.957,0.97
86.86,3.5906126499176025,0.8957575757575758,0.9887410440122825,0.7160292921074044,0.8201246660730187,0.8331360946745562,0.9536031589338598,0.6617210682492581,0.9460285132382892,0.9704684317718941,0.9466929911154985,0.739,0.966,0.88,0.921,0.704,0.966,0.669,0.929,0.953,0.959
86.63,3.832962453365326,0.8667413213885778,0.9978632478632479,0.8023483365949119,0.7624,0.790650406504065,0.949119373776908,0.6955555555555556,0.8768115942028986,0.961038961038961,0.9887387387387387,0.774,0.934,0.82,0.953,0.778,0.97,0.626,0.968,0.962,0.878
86.7,3.706681102514267,0.8290788013318535,0.9958592132505176,0.8787878787878788,0.8501908396946565,0.7418213969938108,0.9656912209889001,0.627906976744186,0.8778077268643306,0.9805327868852459,0.9844097995545658,0.747,0.962,0.754,0.891,0.839,0.957,0.702,0.977,0.957,0.884
85.96,3.961159110069275,0.7489251934651763,0.9917355371900827,0.6683976261127597,0.9145785876993167,0.8623481781376519,0.968937875751503,0.6504424778761062,0.9283639883833494,0.9736842105263158,0.9662921348314607,0.871,0.96,0.901,0.803,0.639,0.967,0.588,0.959,0.962,0.946
85.47,4.25120621919632,0.8511326860841424,0.974974974974975,0.6057441253263708,0.8575581395348837,0.9049295774647887,0.9334600760456274,0.6906873614190687,0.9445015416238438,0.9489402697495183,0.970317297850563,0.789,0.974,0.928,0.885,0.514,0.982,0.623,0.919,0.985,0.948
85.62,4.0475738644599915,0.8864468864468864,0.9978969505783386,0.912621359223301,0.844131455399061,0.8133187772925764,0.9762641898864809,0.5370860927152318,0.8507718696397941,0.9640718562874252,0.9875141884222475,0.726,0.949,0.658,0.899,0.745,0.946,0.811,0.992,0.966,0.87
87.41,3.6932619512081146,0.7657192075796727,0.9927611168562565,0.827922077922078,0.8157894736842105,0.7841239109390126,0.969758064516129,0.7310704960835509,0.9227053140096618,0.9632936507936508,0.9640657084188912,0.889,0.96,0.765,0.93,0.81,0.962,0.56,0.955,0.971,0.939
85.14,4.199037492275238,0.8777908343125734,0.9253308128544423,0.812972972972973,0.9562841530054644,0.6336295283663704,0.9801670146137788,0.609504132231405,0.933531746031746,0.970970970970971,0.9335260115606936,0.747,0.979,0.752,0.7,0.927,0.939,0.59,0.941,0.97,0.969
86.72,3.833971619606018,0.7034482758620689,0.9957805907172996,0.7790055248618785,0.8515325670498084,0.7841584158415842,0.9736842105263158,0.7725040916530278,0.9480249480249481,0.9757330637007078,0.9195837275307474,0.918,0.944,0.846,0.889,0.792,0.962,0.472,0.912,0.965,0.972
85.83,4.040951520204544,0.8541001064962727,0.986815415821501,0.8551724137931035,0.8418604651162791,0.8333333333333334,0.9097605893186004,0.5490051584377302,0.9515279241306639,0.9386973180076629,0.96900826446281,0.802,0.973,0.744,0.905,0.605,0.988,0.745,0.903,0.98,0.938
87.31,3.5627537965774536,0.8456591639871383,0.9948132780082988,0.8528784648187633,0.8400735294117647,0.8529411764705882,0.9923413566739606,0.6040485829959514,0.9153696498054474,0.9769307923771314,0.9268755935422602,0.789,0.959,0.8,0.914,0.725,0.907,0.746,0.941,0.974,0.976
86.48,3.8868398666381836,0.8326572008113591,0.965483234714004,0.9300155520995335,0.8965141612200436,0.6748911465892597,0.9447674418604651,0.6354679802955665,0.9412935323383085,0.9552529182879378,0.9673802242609582,0.821,0.979,0.598,0.823,0.93,0.975,0.645,0.946,0.982,0.949
87.52,3.523058444261551,0.8343373493975904,0.9878048780487805,0.7923771313941825,0.9259259259259259,0.765296803652968,0.9661016949152542,0.6429268292682927,0.9151572926596759,0.9702675916749257,0.9768664563617245,0.831,0.972,0.79,0.825,0.838,0.969,0.659,0.96,0.979,0.929
83.72,4.403568208217621,0.8218905472636816,0.9867617107942973,0.9248554913294798,0.9178532311062432,0.8017789072426937,0.9770354906054279,0.45495243424734194,0.9083175803402647,0.967032967032967,0.9595959595959596,0.826,0.969,0.48,0.838,0.631,0.936,0.813,0.961,0.968,0.95
87.01,3.764679789543152,0.8009174311926606,0.99079754601227,0.9025069637883009,0.8664717348927875,0.6695842450765864,0.9843423799582464,0.7186311787072244,0.9101123595505618,0.952288218111003,0.9682051282051282,0.873,0.969,0.648,0.889,0.918,0.943,0.567,0.972,0.978,0.944
87.18,3.6227696239948273,0.8677685950413223,0.974974974974975,0.807205452775073,0.8177613320999075,0.8303769401330376,0.9611553784860558,0.6275375110326566,0.9132893496701225,0.973973973973974,0.9809926082365364,0.735,0.974,0.829,0.884,0.749,0.965,0.711,0.969,0.973,0.929
85.87,3.961845964193344,0.751269035532995,0.9877800407331976,0.7123287671232876,0.9348341232227488,0.7898338220918866,0.8876909254267745,0.7614138438880707,0.9798488664987406,0.9480269489894129,0.8884859474161378,0.888,0.97,0.884,0.789,0.808,0.988,0.517,0.778,0.985,0.98
84.17,4.21054282784462,0.9263157894736842,0.9968814968814969,0.9297218155197657,0.8574162679425837,0.7653631284916201,0.9892357373519914,0.4958033573141487,0.8404074702886248,0.966933867735471,0.9809630459126539,0.528,0.959,0.635,0.896,0.822,0.919,0.827,0.99,0.965,0.876
85.26,4.029982775449753,0.8949367088607595,0.9918200408997955,0.7268798617113224,0.8289353958143767,0.9121756487025948,0.9815762538382804,0.5373737373737374,0.9408284023668639,0.9737373737373738,0.956392467789891,0.707,0.97,0.841,0.911,0.457,0.959,0.798,0.954,0.964,0.965
87.69,3.5164856612682343,0.8778443113772455,0.9809045226130654,0.7514944491887275,0.8195829555757026,0.814663951120163,0.9843423799582464,0.7134767836919592,0.9379310344827586,0.9542801556420234,0.941747572815534,0.733,0.976,0.88,0.904,0.8,0.943,0.63,0.952,0.981,0.97
87.71,3.5960703790187836,0.7742782152230971,0.9839518555667001,0.7437661220980224,0.8501387604070305,0.7941787941787942,0.9757575757575757,0.8236272878535774,0.9273422562141491,0.9354226020892688,0.9761410788381742,0.885,0.981,0.865,0.919,0.764,0.966,0.495,0.97,0.985,0.941
88.06,3.376188099384308,0.7921146953405018,0.9897330595482546,0.822289156626506,0.8824701195219123,0.7668766876687669,0.9341603053435115,0.7248407643312101,0.959915611814346,0.9674556213017751,0.9581673306772909,0.884,0.964,0.819,0.886,0.852,0.979,0.569,0.91,0.981,0.962
87.86,3.4130288660526276,0.8166828322017459,0.9858442871587462,0.8640449438202247,0.8798029556650246,0.7603160667251976,0.9707661290322581,0.7163515016685206,0.9719101123595506,0.9571150097465887,0.8742249778565102,0.842,0.975,0.769,0.893,0.866,0.963,0.644,0.865,0.982,0.987
87.4,3.6360548436641693,0.8481675392670157,0.9858442871587462,0.6889556724267468,0.8246869409660107,0.8599033816425121,0.9717741935483871,0.7416452442159382,0.898989898989899,0.9778002018163471,0.984930032292788,0.81,0.975,0.917,0.922,0.712,0.964,0.577,0.979,0.969,0.915
87.05,3.908608615398407,0.8001850138760407,0.995846313603323,0.7831325301204819,0.8500477554918816,0.6695778748180495,0.9728370221327968,0.8443935926773455,0.9545913218970736,0.9604743083003953,0.9510763209393346,0.865,0.959,0.845,0.89,0.92,0.967,0.369,0.946,0.972,0.972
86.63,3.8685909509658813,0.8191593352883676,0.9878419452887538,0.7553571428571428,0.8704253214638972,0.7005559968228753,0.992196209587514,0.7512864493996569,0.8834688346883469,0.9636898920510304,0.959758551307847,0.838,0.975,0.846,0.88,0.882,0.89,0.438,0.978,0.982,0.954
87.58,3.6016338765621185,0.7232558139534884,0.9958634953464323,0.8060428849902534,0.8846153846153846,0.7863330125120308,0.989406779661017,0.7443502824858758,0.933597621407334,0.9857288481141692,0.9293893129770993,0.933,0.963,0.827,0.874,0.817,0.934,0.527,0.942,0.967,0.974
87.75,3.4912310242652893,0.8323353293413174,0.9809236947791165,0.8877551020408163,0.8910386965376782,0.7242497972424979,0.9667003027245207,0.6696969696969697,0.9462474645030426,0.9758793969849247,0.9365994236311239,0.834,0.977,0.696,0.875,0.893,0.958,0.663,0.933,0.971,0.975
87.71,3.5111331045627594,0.7614678899082569,0.995850622406639,0.8727490996398559,0.8626320845341018,0.7560975609756098,0.977482088024565,0.7268408551068883,0.8932481751824818,0.9643916913946587,0.9838709677419355,0.913,0.96,0.727,0.898,0.837,0.955,0.612,0.979,0.975,0.915
87.09,3.6257726550102234,0.8695136417556346,0.9897750511247444,0.8546824542518837,0.925638179800222,0.8542654028436019,0.979757085020243,0.5333333333333333,0.9367704280155642,0.9865563598759048,0.9657258064516129,0.733,0.968,0.794,0.834,0.721,0.968,0.816,0.963,0.954,0.958
86.21,3.7840352654457092,0.902127659574468,0.9565217391304348,0.9290882778581766,0.867704280155642,0.8063872255489022,0.9804123711340206,0.5257469802924348,0.9315332690453231,0.9844074844074844,0.9648946840521565,0.636,0.99,0.642,0.892,0.808,0.951,0.827,0.966,0.947,0.962
86.29,3.863452970981598,0.7054741711642252,0.9979035639412998,0.8157068062827225,0.8903225806451613,0.6985530546623794,0.9814814814814815,0.7255520504731862,0.9391824526420738,0.9796541200406917,0.9406614785992218,0.915,0.952,0.779,0.828,0.869,0.954,0.46,0.942,0.963,0.967
86.96,3.7773342728614807,0.8001800180018002,0.9838546922300706,0.8729351969504447,0.8683206106870229,0.6573074154067674,0.9860365198711063,0.7818991097922848,0.8694885361552028,0.9768378650553877,0.9777070063694268,0.889,0.975,0.687,0.91,0.913,0.918,0.527,0.986,0.97,0.921
87.97,3.3538438975811005,0.8935643564356436,0.9948979591836735,0.75,0.8741463414634146,0.8204592901878914,0.9835221421215242,0.6666666666666666,0.9469469469469469,0.9626352015732547,0.9372586872586872,0.722,0.975,0.867,0.896,0.786,0.955,0.7,0.946,0.979,0.971
88.48,3.2924161553382874,0.8230174081237911,0.9908443540183113,0.8294416243654822,0.9155080213903743,0.7872137404580153,0.982706002034588,0.6970954356846473,0.9586776859504132,0.9389312977099237,0.9268060836501901,0.851,0.974,0.817,0.856,0.825,0.966,0.672,0.928,0.984,0.975
86.68,3.8065117597579956,0.8566739606126915,0.9828282828282828,0.9019886363636364,0.9409038238702202,0.6870748299319728,0.9206349206349206,0.6114381833473507,0.94824016563147,0.9731876861966237,0.9732785200411099,0.783,0.973,0.635,0.812,0.909,0.986,0.727,0.916,0.98,0.947
87.82,3.4829530119895935,0.8606911447084233,0.9858156028368794,0.9156626506024096,0.8992731048805815,0.7287319422150883,0.9513618677042801,0.626984126984127,0.9665271966527197,0.9788306451612904,0.9500489715964741,0.797,0.973,0.684,0.866,0.908,0.978,0.711,0.924,0.971,0.97
87.57,3.5052067637443542,0.8432377049180327,0.9989417989417989,0.738255033557047,0.8269058295964126,0.8586698337292161,0.9914255091103966,0.7015086206896551,0.9369369369369369,0.9671641791044776,0.9211267605633803,0.823,0.944,0.88,0.922,0.723,0.925,0.651,0.936,0.972,0.981
87.17,3.5996914207935333,0.8960396039603961,0.9898270600203459,0.688622754491018,0.9156756756756756,0.863013698630137,0.9845201238390093,0.6424825174825175,0.9532710280373832,0.9779116465863453,0.9123951537744641,0.724,0.973,0.92,0.847,0.693,0.954,0.735,0.918,0.974,0.979
87.56,3.501611828804016,0.8826879271070615,0.9789156626506024,0.7777777777777778,0.8303249097472925,0.8278427205100957,0.9852941176470589,0.6860940695296524,0.9520255863539445,0.9635826771653543,0.8858939802336029,0.775,0.975,0.84,0.92,0.779,0.938,0.671,0.893,0.979,0.986
86.13,3.8743517994880676,0.930116472545757,0.9693675889328063,0.8054256314312441,0.8356807511737089,0.8487858719646799,0.9813278008298755,0.573474001507159,0.8591304347826086,0.961764705882353,0.989841986455982,0.559,0.981,0.861,0.89,0.769,0.946,0.761,0.988,0.981,0.877
86.35,3.7820576429367065,0.80893536121673,0.9839195979899498,0.9062937062937063,0.8794466403162056,0.7913461538461538,0.9573412698412699,0.6299559471365639,0.985,0.938872970391595,0.830267558528428,0.851,0.979,0.648,0.89,0.823,0.965,0.715,0.788,0.983,0.993
87.17,3.5454461872577667,0.8722358722358723,0.9978835978835979,0.831275720164609,0.7488262910798122,0.8578088578088578,0.97,0.6238938053097345,0.944007858546169,0.9681908548707754,0.9734422880490297,0.71,0.943,0.808,0.957,0.736,0.97,0.705,0.961,0.974,0.953
87.23,3.8570027351379395,0.6434316353887399,0.9888097660223805,0.8345177664974619,0.9297052154195011,0.8309426229508197,0.9719438877755511,0.7407407407407407,0.9009174311926605,0.9789368104312939,0.9869848156182213,0.96,0.972,0.822,0.82,0.811,0.97,0.5,0.982,0.976,0.91
87.97,3.405566304922104,0.8437180796731358,0.9918450560652395,0.734860883797054,0.9280261723009815,0.8617283950617284,0.9418493803622497,0.6552363299351252,0.9661733615221987,0.9692154915590864,0.9564356435643564,0.826,0.973,0.898,0.851,0.698,0.988,0.707,0.914,0.976,0.966
86.71,3.698841840028763,0.838,0.9859154929577465,0.709546925566343,0.9120521172638436,0.8621951219512195,0.9096774193548387,0.6563436563436563,0.9798339264531435,0.9654491609081934,0.9024839006439742,0.838,0.98,0.877,0.84,0.707,0.987,0.657,0.826,0.978,0.981
88.35,3.204842984676361,0.8755707762557078,0.9848637739656912,0.7914055505819159,0.8493023255813954,0.8353909465020576,0.9337121212121212,0.7014925373134329,0.9622844827586207,0.9607843137254902,0.9406037000973709,0.767,0.976,0.884,0.913,0.812,0.986,0.658,0.893,0.98,0.966
88.84,3.145570993423462,0.8455284552845529,0.9908163265306122,0.8669527896995708,0.8682170542635659,0.7847985347985348,0.9758793969849247,0.6951710261569416,0.9064814814814814,0.9816326530612245,0.9849624060150376,0.832,0.971,0.808,0.896,0.857,0.971,0.691,0.979,0.962,0.917
87.74,3.4001346826553345,0.7692967409948542,0.9838056680161943,0.7883349012229539,0.9203056768558951,0.783457249070632,0.9815573770491803,0.7296620775969962,0.9693654266958425,0.9817073170731707,0.8837209302325582,0.897,0.972,0.838,0.843,0.843,0.958,0.583,0.886,0.966,0.988
87.08,3.4985141158103943,0.9190340909090909,0.9938712972420838,0.7926829268292683,0.8436363636363636,0.871859296482412,0.9903640256959315,0.5842531272994849,0.8960802187784868,0.9768844221105528,0.9762886597938144,0.647,0.973,0.845,0.928,0.694,0.925,0.794,0.983,0.972,0.947
87.73,3.578614294528961,0.8193916349809885,0.9948453608247423,0.7470489038785835,0.8371246587807097,0.7859266600594648,0.9785932721712538,0.7945619335347432,0.8859964093357271,0.9577187807276303,0.989010989010989,0.862,0.965,0.886,0.92,0.793,0.96,0.526,0.987,0.974,0.9
88.43,3.307115823030472,0.7158135981665393,0.9898167006109979,0.8280318091451292,0.9173014145810664,0.7857142857142857,0.9536231884057971,0.7754491017964071,0.9566094853683148,0.9751243781094527,0.9765066394279878,0.937,0.972,0.833,0.843,0.869,0.987,0.518,0.948,0.98,0.956
87.64,3.531403958797455,0.7543138866064092,0.9948400412796697,0.8864516129032258,0.8917004048582996,0.7318481848184818,0.9481765834932822,0.7248407643312101,0.95562435500516,0.9452975047984645,0.958041958041958,0.918,0.964,0.687,0.881,0.887,0.988,0.569,0.926,0.985,0.959
88.21,3.4522307217121124,0.7862129144851658,0.9888097660223805,0.8057692307692308,0.9188311688311688,0.7386644682605111,0.9796334012219959,0.7599431818181818,0.8969917958067457,0.9857142857142858,0.9860365198711063,0.901,0.972,0.838,0.849,0.896,0.962,0.535,0.984,0.966,0.918
87.75,3.512583017349243,0.8540596094552929,0.9858870967741935,0.6867469879518072,0.9112299465240642,0.7791127541589649,0.9883720930232558,0.7899408284023669,0.8877917414721723,0.9682539682539683,0.9778012684989429,0.831,0.978,0.912,0.852,0.843,0.935,0.534,0.989,0.976,0.925
88.12,3.299686312675476,0.8204121687929342,0.9761431411530815,0.8632768361581921,0.9325084364454443,0.8401727861771058,0.9587020648967551,0.6093133385951065,0.9695378151260504,0.9741293532338309,0.941972920696325,0.836,0.982,0.764,0.829,0.778,0.975,0.772,0.923,0.979,0.974
88.44,3.187940090894699,0.8918918918918919,0.9868421052631579,0.7777777777777778,0.8963414634146342,0.8444924406047516,0.9723593287265548,0.6387665198237885,0.9396299902629016,0.9673590504451038,0.9752066115702479,0.726,0.975,0.882,0.882,0.782,0.985,0.725,0.965,0.978,0.944
86.46,3.7007655203342438,0.90375,0.9858299595141701,0.7849162011173184,0.8101811906816221,0.905940594059406,0.9854771784232366,0.5642909625275533,0.9281609195402298,0.9643211100099108,0.9628140703517588,0.723,0.974,0.843,0.939,0.549,0.95,0.768,0.969,0.973,0.958
88.51,3.315930724143982,0.86282722513089,0.9979144942648592,0.7923497267759563,0.8349954669084315,0.7923497267759563,0.9913606911447084,0.7807351077313055,0.8616187989556136,0.9768611670020121,0.9838536060279871,0.824,0.957,0.87,0.921,0.87,0.918,0.616,0.99,0.971,0.914
84.94,4.040419578552246,0.9076923076923077,0.9948979591836735,0.8787878787878788,0.8493530499075785,0.9026845637583892,0.9806122448979592,0.47429519071310117,0.9553941908713693,0.9769307923771314,0.9240265906932573,0.708,0.975,0.667,0.919,0.538,0.961,0.858,0.921,0.974,0.973
87.12,3.6836607456207275,0.7435275080906149,0.9958847736625515,0.7147360126083531,0.8568720379146919,0.8182751540041068,0.9332697807435653,0.8550420168067226,0.9775280898876404,0.9664694280078896,0.9211267605633803,0.919,0.968,0.907,0.904,0.797,0.979,0.407,0.87,0.98,0.981
87.7,3.441682457923889,0.8182741116751269,0.9610136452241715,0.9045287637698899,0.9075451647183846,0.7213500784929356,0.9835560123329907,0.7203791469194313,0.951417004048583,0.8906955736224029,0.9330143540669856,0.806,0.986,0.739,0.854,0.919,0.957,0.608,0.94,0.986,0.975
88.07,3.3475747108459473,0.7759078830823738,0.9750996015936255,0.7621107266435986,0.9045599151643691,0.8278508771929824,0.9626352015732547,0.7117224880382775,0.9486166007905138,0.9655511811023622,0.9723076923076923,0.876,0.979,0.881,0.853,0.755,0.979,0.595,0.96,0.981,0.948
87.81,3.369523137807846,0.8755707762557078,0.9819095477386934,0.7303643724696356,0.9452852153667055,0.8472850678733032,0.9873284054910243,0.6514336917562724,0.9079925650557621,0.9544573643410853,0.9693877551020408,0.767,0.977,0.902,0.812,0.749,0.935,0.727,0.977,0.985,0.95
87.63,3.5042660534381866,0.7587646076794657,0.9989484752891693,0.7048799380325329,0.8458681522748375,0.8757921419518377,0.9700598802395209,0.7710487444608567,0.9513888888888888,0.9654491609081934,0.9668008048289738,0.909,0.95,0.91,0.911,0.691,0.972,0.522,0.959,0.978,0.961
88.49,3.234880894422531,0.8107588856868396,0.9888663967611336,0.83,0.8543778801843318,0.8475877192982456,0.9894179894179894,0.6762589928057554,0.911873840445269,0.972139303482587,0.9712230215827338,0.844,0.977,0.83,0.927,0.773,0.935,0.658,0.983,0.977,0.945
87.05,3.587180435657501,0.8747126436781609,0.9878296146044625,0.893483709273183,0.9459459459459459,0.8074596774193549,0.95635305528613,0.5555555555555556,0.8994413407821229,0.975,0.9889380530973452,0.761,0.974,0.713,0.805,0.801,0.986,0.83,0.966,0.975,0.894
89.17,3.1485256254673004,0.8069029850746269,0.9938587512794268,0.8550873586844809,0.9164021164021164,0.7563237774030354,0.9681592039800995,0.7457627118644068,0.9577889447236181,0.9653808110781404,0.9584158415841584,0.865,0.971,0.832,0.866,0.897,0.973,0.616,0.953,0.976,0.968
88.2,3.415548175573349,0.8326810176125244,0.9938398357289527,0.8071928071928072,0.8181818181818182,0.7133858267716535,0.967487684729064,0.8457538994800693,0.9420432220039293,0.9673267326732673,0.9752321981424149,0.851,0.968,0.808,0.936,0.906,0.982,0.488,0.959,0.977,0.945
87.4,3.4344924688339233,0.9022757697456493,0.9958974358974358,0.8501594048884166,0.8975409836065574,0.8695652173913043,0.9835051546391752,0.5604838709677419,0.95625,0.973973973973974,0.9158878504672897,0.674,0.971,0.8,0.876,0.76,0.954,0.834,0.918,0.973,0.98
85.36,4.141600877046585,0.8862068965517241,0.9838383838383838,0.934156378600823,0.8628404669260701,0.5828220858895705,0.9722497522299306,0.6627101879327398,0.9062209842154132,0.9826530612244898,0.9902067464635473,0.771,0.974,0.454,0.887,0.95,0.981,0.67,0.976,0.963,0.91
88.63,3.267275094985962,0.7387529597474349,0.98,0.8293650793650794,0.91129883843717,0.786618444846293,0.953443258971872,0.8045801526717558,0.962303664921466,0.9721946375372393,0.947265625,0.936,0.98,0.836,0.863,0.87,0.983,0.527,0.919,0.979,0.97
87.12,3.534416079521179,0.88042203985932,0.9848178137651822,0.8788968824940048,0.932967032967033,0.7905759162303665,0.9776649746192894,0.552901023890785,0.9106145251396648,0.9827760891590679,0.9799789251844047,0.751,0.973,0.733,0.849,0.755,0.963,0.81,0.978,0.97,0.93
89.47,2.993734508752823,0.8292919495635306,0.9908443540183113,0.873538788522848,0.8805528134254689,0.8221574344023324,0.9684418145956607,0.7229800629590766,0.9666666666666667,0.9408960915157293,0.9464459591041869,0.855,0.974,0.822,0.892,0.846,0.982,0.689,0.928,0.987,0.972
88.3,3.3465656340122223,0.86892177589852,0.9938712972420838,0.6980122324159022,0.8971486761710794,0.8085977482088025,0.986272439281943,0.7593516209476309,0.9049815498154982,0.9770459081836327,0.9743062692702981,0.822,0.973,0.913,0.881,0.79,0.934,0.609,0.981,0.979,0.948
88.57,3.199676036834717,0.8506981740064447,0.998960498960499,0.7610169491525424,0.8931451612903226,0.8550884955752213,0.9664031620553359,0.6637931034482759,0.9367088607594937,0.9867751780264497,0.9782383419689119,0.792,0.961,0.898,0.886,0.773,0.978,0.693,0.962,0.97,0.944
89.06,3.148285299539566,0.8206572769953052,0.9938650306748467,0.7569856054191363,0.9038262668045501,0.8489751887810141,0.9866529774127311,0.7661870503597122,0.9517587939698492,0.9462055715658021,0.9373795761078998,0.874,0.972,0.894,0.874,0.787,0.961,0.639,0.947,0.985,0.973
88.09,3.4459277391433716,0.8277189605389798,0.9948453608247423,0.8467005076142132,0.8984615384615384,0.8615879828326181,0.9791666666666666,0.6767955801104972,0.8121410992616899,0.9780658025922233,0.9927797833935018,0.86,0.965,0.834,0.876,0.803,0.94,0.735,0.99,0.981,0.825
88.95,3.0914471447467804,0.8592750533049041,0.9868287740628167,0.7749110320284698,0.8924949290060852,0.8505376344086022,0.9610894941634242,0.69009900990099,0.960446247464503,0.9627450980392157,0.9677093844601413,0.806,0.974,0.871,0.88,0.791,0.988,0.697,0.947,0.982,0.959
88.3,3.3441964387893677,0.7447665056360708,0.9948770491803278,0.9058823529411765,0.9049079754601227,0.7442052980132451,0.9883103081827843,0.7336010709504686,0.8925022583559169,0.9809619238476954,0.9811122770199371,0.925,0.971,0.77,0.885,0.899,0.93,0.548,0.988,0.979,0.935
88.72,3.1226701140403748,0.8263959390862944,0.9948506694129763,0.8171318575553417,0.8940329218106996,0.8095703125,0.9655511811023622,0.6770938446014128,0.9496047430830039,0.9663699307616221,0.975485188968335,0.814,0.966,0.849,0.869,0.829,0.981,0.671,0.961,0.977,0.955
87.48,3.5613673627376556,0.8333333333333334,0.9979123173277662,0.8405639913232104,0.8267504488330341,0.8940217391304348,0.9673590504451038,0.6024096385542169,0.9579918032786885,0.950533462657614,0.9537856440511308,0.825,0.956,0.775,0.921,0.658,0.978,0.75,0.935,0.98,0.97
88.59,3.2338917553424835,0.78125,0.9938712972420838,0.783001808318264,0.8726919339164237,0.793040293040293,0.9863301787592008,0.8192182410423453,0.9107806691449815,0.9619140625,0.9723643807574207,0.9,0.973,0.866,0.898,0.866,0.938,0.503,0.98,0.985,0.95
88.47,3.2670178413391113,0.8083941605839416,0.9928057553956835,0.8237623762376237,0.9060887512899897,0.7980162308385933,0.9869989165763814,0.7264367816091954,0.853448275862069,0.9917355371900827,0.9837310195227765,0.886,0.966,0.832,0.878,0.885,0.911,0.632,0.99,0.96,0.907
88.1,3.2152079641819,0.8706800445930881,0.9868554095045501,0.8634204275534442,0.9223300970873787,0.7625772285966461,0.9712301587301587,0.6064356435643564,0.954954954954955,0.9788306451612904,0.967032967032967,0.781,0.976,0.727,0.855,0.864,0.979,0.735,0.954,0.971,0.968
87.57,3.479547441005707,0.7712082262210797,0.9989615784008308,0.6993166287015945,0.871968962172648,0.91350531107739,0.9778449144008057,0.7111368909512761,0.9242424242424242,0.9809045226130654,0.9791013584117032,0.9,0.962,0.921,0.899,0.602,0.971,0.613,0.976,0.976,0.937
88.28,3.2436319291591644,0.8751431844215349,0.9781094527363184,0.7280772325020113,0.8752455795677799,0.9088541666666666,0.9788092835519677,0.6582278481012658,0.9485657764589516,0.9847094801223242,0.9601593625498008,0.764,0.983,0.905,0.891,0.698,0.97,0.728,0.959,0.966,0.964
89.4,2.9949814081192017,0.8452380952380952,0.9704724409448819,0.7870619946091644,0.8641049671977507,0.8892857142857142,0.9786585365853658,0.7371188222923238,0.9209039548022598,0.977,0.9781021897810219,0.852,0.986,0.876,0.922,0.747,0.963,0.701,0.978,0.977,0.938
88.35,3.27147576212883,0.7379807692307693,0.9948506694129763,0.8080903104421449,0.9375722543352601,0.7857142857142857,0.9535783365570599,0.7658998646820027,0.9286403085824494,0.9693978282329714,0.9840085287846482,0.921,0.966,0.859,0.811,0.858,0.986,0.566,0.963,0.982,0.923
88.37,3.347234010696411,0.8382936507936508,0.9928425357873211,0.7506234413965087,0.8416815742397138,0.8764988009592326,0.9925213675213675,0.7610513739545998,0.8663755458515284,0.961839530332681,0.984766050054407,0.845,0.971,0.903,0.941,0.731,0.929,0.637,0.992,0.983,0.905
88.31,3.4361058473587036,0.7561779242174629,0.9898580121703854,0.7167449139280125,0.8780251694094869,0.888748419721871,0.9684106614017769,0.8030075187969925,0.9364161849710982,0.958984375,0.9832985386221295,0.918,0.976,0.916,0.907,0.703,0.981,0.534,0.972,0.982,0.942
87.82,3.40484482049942,0.9169764560099133,0.9771144278606965,0.7104037267080745,0.9114315139031925,0.8204857444561774,0.9807302231237323,0.7108307045215563,0.9784824462061155,0.9619883040935673,0.8705985915492958,0.74,0.982,0.915,0.885,0.777,0.967,0.676,0.864,0.987,0.989
88.46,3.184057354927063,0.7595356550580431,0.9888776541961577,0.7833935018050542,0.9027921406411582,0.8771084337349397,0.9894957983193278,0.7056128293241696,0.9320574162679426,0.9628543499511242,0.9592850049652433,0.916,0.978,0.868,0.873,0.728,0.942,0.616,0.974,0.985,0.966
88.78,3.1167934834957123,0.8339960238568589,0.9979317476732161,0.8186180422264875,0.8824681684622919,0.8772782503037667,0.9855072463768116,0.6595365418894831,0.9443892750744787,0.9693978282329714,0.9419167473378509,0.839,0.965,0.853,0.901,0.722,0.952,0.74,0.951,0.982,0.973
89.29,3.07146418094635,0.8466933867735471,0.992849846782431,0.8205383848454636,0.8709369024856597,0.8,0.9797365754812564,0.7448979591836735,0.923368022705771,0.9666666666666667,0.9770354906054279,0.845,0.972,0.823,0.911,0.856,0.967,0.657,0.976,0.986,0.936
88.9,3.079766273498535,0.8048327137546468,0.9848790322580645,0.800561797752809,0.8630783758262511,0.8781664656212304,0.9827411167512691,0.698559670781893,0.9353281853281853,0.9780439121756487,0.9724770642201835,0.866,0.977,0.855,0.914,0.728,0.968,0.679,0.969,0.98,0.954
89.4,3.021473467350006,0.8808743169398907,0.9858728557013118,0.8516949152542372,0.9101239669421488,0.7805092186128183,0.983756345177665,0.7093596059113301,0.9094269870609981,0.9628543499511242,0.9861407249466951,0.806,0.977,0.804,0.881,0.889,0.969,0.72,0.984,0.985,0.925
88.6,3.263084053993225,0.8441295546558705,0.9828801611278952,0.9317269076305221,0.8929292929292929,0.8021338506304558,0.9619883040935673,0.6193136472466081,0.943952802359882,0.9848331648129424,0.979296066252588,0.834,0.976,0.696,0.884,0.827,0.987,0.776,0.96,0.974,0.946
88.16,3.292407214641571,0.7421686746987952,0.9918450560652395,0.7788808664259927,0.8960244648318043,0.8651428571428571,0.985655737704918,0.7163636363636363,0.964021164021164,0.9908069458631257,0.9087557603686636,0.924,0.973,0.863,0.879,0.757,0.962,0.591,0.911,0.97,0.986
88.34,3.259306460618973,0.7810599478714162,0.9938712972420838,0.8680709534368071,0.8248686514886164,0.7515418502202643,0.9516441005802708,0.7769784172661871,0.9443339960238568,0.9748237663645518,0.9781931464174455,0.899,0.973,0.783,0.942,0.853,0.984,0.54,0.95,0.968,0.942
88.64,3.228783279657364,0.7723292469352014,0.9818913480885312,0.8551797040169133,0.9545454545454546,0.7641589180050719,0.9817073170731707,0.7328767123287672,0.9045871559633027,0.9636898920510304,0.9881720430107527,0.882,0.976,0.809,0.798,0.904,0.966,0.642,0.986,0.982,0.919
88.7,3.260739713907242,0.7611814345991561,0.9868554095045501,0.893348623853211,0.8949494949494949,0.8458333333333333,0.990343347639485,0.6735905044510386,0.9017447199265382,0.9858156028368794,0.9705583756345177,0.902,0.976,0.779,0.886,0.812,0.923,0.681,0.982,0.973,0.956
89.45,3.0357621014118195,0.7889273356401384,0.9898270600203459,0.8809261300992283,0.9190325972660357,0.7639484978540773,0.9676153091265947,0.7473053892215569,0.943579766536965,0.9769769769769769,0.9832810867293625,0.912,0.973,0.799,0.874,0.89,0.986,0.624,0.97,0.976,0.941
88.73,3.273473024368286,0.8203928905519177,0.9979274611398964,0.8668122270742358,0.8664772727272727,0.8860606060606061,0.9629268292682926,0.6352253756260434,0.9180790960451978,0.9948132780082988,0.9902173913043478,0.877,0.963,0.794,0.915,0.731,0.987,0.761,0.975,0.959,0.911
87.51,3.734063684940338,0.7061469265367316,0.9828973843058351,0.8315054835493519,0.9509569377990431,0.7168073676132003,0.9499036608863198,0.8779443254817987,0.9742489270386266,0.9330188679245283,0.9448209099709584,0.942,0.977,0.834,0.795,0.934,0.986,0.41,0.908,0.989,0.976
88.61,3.1380022764205933,0.8280193236714976,0.9898785425101214,0.9341736694677871,0.8513388734995383,0.7416943521594684,0.9731610337972167,0.6892307692307692,0.9642126789366053,0.9779559118236473,0.9558390578999019,0.857,0.978,0.667,0.922,0.893,0.979,0.672,0.943,0.976,0.974
87.07,3.539066731929779,0.947841726618705,0.9969199178644764,0.7814748201438849,0.869980879541109,0.8380651945320715,0.969488188976378,0.5616835994194485,0.9372586872586872,0.9877175025588536,0.9832285115303984,0.527,0.971,0.869,0.91,0.797,0.985,0.774,0.971,0.965,0.938
88.03,3.260391414165497,0.8471794871794872,0.983016983016983,0.8816705336426914,0.9222462203023758,0.8553948832035595,0.9797979797979798,0.5952023988005997,0.8810375670840788,0.974974974974975,0.9899553571428571,0.826,0.984,0.76,0.854,0.769,0.97,0.794,0.985,0.974,0.887
89.73,2.9841668605804443,0.8051001821493625,0.9958890030832477,0.8686974789915967,0.8323090430201932,0.8313373253493014,0.9825997952917093,0.7601431980906921,0.9365994236311239,0.9848942598187311,0.9746707193515705,0.884,0.969,0.827,0.948,0.833,0.96,0.637,0.975,0.978,0.962
88.97,3.178508162498474,0.741501976284585,0.9828973843058351,0.8493150684931506,0.9299781181619255,0.7398244213886672,0.9722772277227723,0.8533772652388797,0.9681069958847737,0.9722772277227723,0.9512670565302144,0.938,0.977,0.806,0.85,0.927,0.982,0.518,0.941,0.982,0.976
89.32,2.9642570316791534,0.8133704735376045,0.9898373983739838,0.8743169398907104,0.913135593220339,0.7834224598930482,0.9760717846460618,0.7039403620873269,0.9348034515819751,0.9703264094955489,0.9823284823284824,0.876,0.974,0.8,0.862,0.879,0.979,0.661,0.975,0.981,0.945
88.83,3.1907901763916016,0.8407707910750507,0.9948770491803278,0.8732718894009217,0.92,0.8260437375745527,0.9836233367451381,0.6259050683829445,0.9297912713472486,0.9827760891590679,0.9754601226993865,0.829,0.971,0.758,0.851,0.831,0.961,0.778,0.98,0.97,0.954
88.47,3.2834696769714355,0.8875,0.9939086294416244,0.8214285714285714,0.9363839285714286,0.7597571552471812,0.958984375,0.6929057337220602,0.9809630459126539,0.947267497603068,0.9044995408631772,0.781,0.979,0.828,0.839,0.876,0.982,0.713,0.876,0.988,0.985
89.25,3.2385615408420563,0.856404958677686,0.9958847736625515,0.8266796494644596,0.8414855072463768,0.8274111675126904,0.9732673267326732,0.7579318448883666,0.9428294573643411,0.9098436062557498,0.9802904564315352,0.829,0.968,0.849,0.929,0.815,0.983,0.645,0.973,0.989,0.945
88.73,3.2190166413784027,0.7601998334721066,0.9848637739656912,0.837573385518591,0.9402985074626866,0.8705463182897862,0.9856996935648621,0.6525821596244131,0.9431051108968177,0.9750996015936255,0.9706477732793523,0.913,0.976,0.856,0.819,0.733,0.965,0.695,0.978,0.979,0.959
89.45,3.0298621356487274,0.8311068702290076,0.9938775510204082,0.7938237965485921,0.8585858585858586,0.8828402366863906,0.9609756097560975,0.7356194690265486,0.963265306122449,0.9552964042759962,0.968968968968969,0.871,0.974,0.874,0.935,0.746,0.985,0.665,0.944,0.983,0.968
88.78,3.1198448538780212,0.8034265103697025,0.9868819374369324,0.9152119700748129,0.884272997032641,0.7456066945606694,0.9827235772357723,0.7217962760131434,0.9012797074954296,0.9876160990712074,0.9881974248927039,0.891,0.978,0.734,0.894,0.891,0.967,0.659,0.986,0.957,0.921
89.65,3.027711182832718,0.8125,0.9648093841642229,0.8179271708683473,0.8917576961271102,0.8107606679035251,0.9683168316831683,0.7949061662198391,0.9530938123752495,0.9768844221105528,0.964859437751004,0.871,0.987,0.876,0.898,0.874,0.978,0.593,0.955,0.972,0.961
88.28,3.3988960087299347,0.8417338709677419,0.992849846782431,0.9185282522996058,0.849213691026827,0.6697774587221823,0.9610136452241715,0.75,0.9587939698492463,0.9906928645294726,0.9707070707070707,0.835,0.972,0.699,0.918,0.933,0.986,0.612,0.954,0.958,0.961
87.79,3.464224547147751,0.7664172901080631,0.9869346733668342,0.858682634730539,0.9409761634506243,0.6839416058394161,0.975024975024975,0.792778649921507,0.958876629889669,0.9207828518173345,0.9593253968253969,0.922,0.982,0.717,0.829,0.937,0.976,0.505,0.956,0.988,0.967
88.52,3.2328380942344666,0.8969194312796208,0.9898887765419616,0.7060629316960859,0.8586046511627907,0.8751458576429405,0.987603305785124,0.7141316073354909,0.9146567717996289,0.9760956175298805,0.9832460732984293,0.757,0.979,0.92,0.923,0.75,0.956,0.662,0.986,0.98,0.939
88.33,3.3581466674804688,0.790616854908775,0.9928644240570846,0.9473684210526315,0.910880829015544,0.6909903201787044,0.9789156626506024,0.6954595791805094,0.9520078354554359,0.9878296146044625,0.9737108190091001,0.91,0.974,0.63,0.879,0.928,0.975,0.628,0.972,0.974,0.963
88.3,3.232515871524811,0.8119092627599244,0.9537126325940212,0.8500527983104541,0.9396051103368177,0.8368368368368369,0.986639260020555,0.6524953789279113,0.8778761061946903,0.9693372898120672,0.991130820399113,0.859,0.989,0.805,0.809,0.836,0.96,0.706,0.992,0.98,0.894
89.61,2.9732457101345062,0.8105849582172702,0.9948927477017364,0.8656873032528857,0.8725023786869648,0.7921604375569735,0.9827935222672065,0.7464285714285714,0.9366602687140115,0.9760479041916168,0.9794026776519053,0.873,0.974,0.825,0.917,0.869,0.971,0.627,0.976,0.978,0.951
88.0,3.6268164217472076,0.8095238095238095,0.9948770491803278,0.7192704203013481,0.8905472636815921,0.7674418604651163,0.9826530612244898,0.8540145985401459,0.8850987432675045,0.9694581280788177,0.9879385964912281,0.867,0.971,0.907,0.895,0.858,0.963,0.468,0.986,0.984,0.901
89.28,3.034724235534668,0.8654848800834203,0.9820359281437125,0.7743055555555556,0.9195278969957081,0.853763440860215,0.9854922279792746,0.7089249492900609,0.9293893129770993,0.9535783365570599,0.96875,0.83,0.984,0.892,0.857,0.794,0.951,0.699,0.974,0.986,0.961
86.94,3.7871426343917847,0.8165735567970205,0.9751984126984127,0.6208935611038108,0.9416666666666667,0.8616352201257862,0.9693372898120672,0.7490144546649146,0.9713375796178344,0.9817813765182186,0.9235127478753541,0.877,0.983,0.945,0.791,0.685,0.98,0.57,0.915,0.97,0.978
89.48,2.9688600897789,0.815018315018315,0.9908629441624366,0.857889237199582,0.8947895791583166,0.7764298093587522,0.9806910569105691,0.7919375812743823,0.9639546858908342,0.9433781190019194,0.9341603053435115,0.89,0.976,0.821,0.893,0.896,0.965,0.609,0.936,0.983,0.979
87.86,3.400499254465103,0.7712585034013606,0.9958890030832477,0.7763157894736842,0.8773125608568647,0.8641425389755011,0.9825462012320328,0.7667560321715817,0.98,0.9518768046198267,0.8470688190314358,0.907,0.969,0.885,0.901,0.776,0.957,0.572,0.833,0.989,0.997
88.8,3.17326757311821,0.8120805369127517,0.9898682877406282,0.8785249457700651,0.8411552346570397,0.8452751817237798,0.971,0.7230769230769231,0.9770992366412213,0.9304511278195489,0.9069981583793738,0.847,0.977,0.81,0.932,0.814,0.971,0.658,0.896,0.99,0.985
89.2,3.072329521179199,0.8516597510373444,0.9899091826437941,0.8527865404837014,0.923982869379015,0.8361809045226131,0.9786368260427264,0.6386986301369864,0.9469548133595285,0.9828282828282828,0.9612326043737575,0.821,0.981,0.811,0.863,0.832,0.962,0.746,0.964,0.973,0.967
88.78,3.2636526823043823,0.7654941373534339,0.9928644240570846,0.8818181818181818,0.9127234490010515,0.7223511214230471,0.9856410256410256,0.7945791726105563,0.9070837166513339,0.9839195979899498,0.985153764581124,0.914,0.974,0.776,0.868,0.934,0.961,0.557,0.986,0.979,0.929
89.17,2.979739725589752,0.8180094786729858,0.984984984984985,0.8715697036223929,0.9303590859630033,0.7831858407079646,0.9815950920245399,0.6898669396110543,0.9210526315789473,0.9770459081836327,0.9772020725388602,0.863,0.984,0.794,0.855,0.885,0.96,0.674,0.98,0.979,0.943
88.41,3.2410061955451965,0.8680257510729614,0.9938650306748467,0.901595744680851,0.8230165649520488,0.7110573042776432,0.9778449144008057,0.7206645898234684,0.9585439838220424,0.9837728194726166,0.9539666993143977,0.809,0.972,0.678,0.944,0.881,0.971,0.694,0.948,0.97,0.974
88.87,3.2853717505931854,0.7569331158238173,0.9958890030832477,0.8714285714285714,0.9097586568730325,0.7133079847908745,0.9438095238095238,0.8502415458937198,0.9527162977867203,0.9839195979899498,0.9833852544132918,0.928,0.969,0.793,0.867,0.938,0.991,0.528,0.947,0.979,0.947
88.77,3.1269936859607697,0.8740661686232657,0.9908629441624366,0.9283819628647215,0.8301393728222997,0.8475675675675676,0.9797979797979798,0.621273166800967,0.9424390243902439,0.9731876861966237,0.9696356275303644,0.819,0.976,0.7,0.953,0.784,0.97,0.771,0.966,0.98,0.958
88.91,3.2081146240234375,0.7373417721518988,0.9868554095045501,0.9086595492289442,0.8852621167161226,0.8014705882352942,0.9925531914893617,0.7599486521181001,0.9160447761194029,0.9627815866797258,0.9667673716012085,0.932,0.976,0.766,0.895,0.872,0.933,0.592,0.982,0.983,0.96
89.22,3.0283060371875763,0.9076354679802956,0.9959016393442623,0.8330019880715706,0.9226694915254238,0.8496319663512093,0.9848024316109423,0.6232558139534884,0.9592039800995025,0.9685966633954858,0.9594059405940594,0.737,0.972,0.838,0.871,0.808,0.972,0.804,0.964,0.987,0.969
89.1,3.232414186000824,0.7552845528455284,0.9849397590361446,0.8731182795698925,0.8671003717472119,0.7632933104631218,0.9826707441386341,0.8393782383419689,0.933142311365807,0.9646712463199215,0.9784836065573771,0.929,0.981,0.812,0.933,0.89,0.964,0.486,0.977,0.983,0.955
89.73,2.97630974650383,0.8145756457564576,0.9969262295081968,0.8175046554934823,0.919661733615222,0.8296593186372746,0.9806122448979592,0.7480225988700565,0.9618090452261306,0.9536231884057971,0.9483933787731256,0.883,0.973,0.878,0.87,0.828,0.961,0.662,0.957,0.987,0.974
89.37,3.172653943300247,0.8670157068062827,0.9829317269076305,0.8488120950323974,0.8549270072992701,0.7491610738255033,0.9665024630541872,0.775990099009901,0.9589178356713427,0.9646712463199215,0.9708542713567839,0.828,0.979,0.786,0.937,0.893,0.981,0.627,0.957,0.983,0.966
89.36,3.0185554325580597,0.8039747064137308,0.9879396984924623,0.8601694915254238,0.917016806722689,0.8122641509433962,0.9712871287128713,0.7347629796839729,0.9201127819548872,0.940952380952381,0.9849785407725322,0.89,0.983,0.812,0.873,0.861,0.981,0.651,0.979,0.988,0.918
88.03,3.34408038854599,0.9277266754270697,0.9859437751004017,0.9142480211081794,0.9439359267734554,0.7203456402199528,0.9789579158316634,0.6052027543993879,0.9491691104594331,0.9571567672833495,0.9745676500508647,0.706,0.982,0.693,0.825,0.917,0.977,0.791,0.971,0.983,0.958
88.66,3.251229614019394,0.8623188405797102,0.985,0.7050304878048781,0.9183246073298429,0.8504784688995215,0.9926238145416227,0.7238403451995685,0.9279620853080569,0.981,0.962,0.833,0.985,0.925,0.877,0.711,0.942,0.671,0.979,0.981,0.962
89.41,3.0026842653751373,0.8681672025723473,0.9800995024875622,0.856388595564942,0.9163179916317992,0.8328267477203647,0.9723320158102767,0.6483704974271012,0.9391891891891891,0.981018981018981,0.9843260188087775,0.81,0.985,0.811,0.876,0.822,0.984,0.756,0.973,0.982,0.942
88.0,3.4009910821914673,0.8906976744186047,0.997948717948718,0.7036462373933282,0.9167556029882604,0.8912751677852349,0.9856262833675564,0.6372881355932203,0.9506903353057199,0.9752475247524752,0.9547244094488189,0.766,0.973,0.907,0.859,0.664,0.96,0.752,0.964,0.985,0.97
88.31,3.2278541326522827,0.9207161125319693,0.9733201581027668,0.8174757281553398,0.9090909090909091,0.8033431661750245,0.9934640522875817,0.6436303080766028,0.8871978513876455,0.97997997997998,0.9741468459152016,0.72,0.985,0.842,0.87,0.817,0.912,0.773,0.991,0.979,0.942
89.26,3.0174705386161804,0.7477840451248993,0.9869608826479438,0.8956422018348624,0.9213602550478215,0.8234165067178503,0.9855521155830753,0.7030567685589519,0.9256120527306968,0.9878048780487805,0.9774590163934426,0.928,0.984,0.781,0.867,0.858,0.955,0.644,0.983,0.972,0.954
89.76,3.047130763530731,0.8138888888888889,0.9969072164948454,0.8221381267738883,0.8463611859838275,0.8132183908045977,0.9817813765182186,0.8130193905817175,0.9439613526570049,0.9722222222222222,0.9725330620549338,0.879,0.967,0.869,0.942,0.849,0.97,0.587,0.977,0.98,0.956
89.46,2.954507052898407,0.825,0.9959141981613892,0.8525773195876288,0.8717948717948718,0.8143133462282398,0.9797160243407708,0.724400871459695,0.9620123203285421,0.97997997997998,0.9350525310410697,0.858,0.975,0.827,0.918,0.842,0.966,0.665,0.937,0.979,0.979
89.13,3.1019421815872192,0.8710725893824486,0.991869918699187,0.8794788273615635,0.8199658703071673,0.8719101123595505,0.9787234042553191,0.6785388127853881,0.9034926470588235,0.9684106614017769,0.9848975188781014,0.804,0.976,0.81,0.961,0.776,0.966,0.743,0.983,0.981,0.913
88.77,3.249700039625168,0.8810572687224669,0.9908629441624366,0.845054945054945,0.8754901960784314,0.6831541218637993,0.9740518962075848,0.7797927461139896,0.9509322865554465,0.9751243781094527,0.9745934959349594,0.8,0.976,0.769,0.893,0.953,0.976,0.602,0.969,0.98,0.959
89.29,3.034896105527878,0.827893175074184,0.9889336016096579,0.8334965719882468,0.8801932367149758,0.7913669064748201,0.9894179894179894,0.7515299877600979,0.9111933395004626,0.974180734856008,0.9744114636642784,0.837,0.983,0.851,0.911,0.88,0.935,0.614,0.985,0.981,0.952
89.09,3.19416344165802,0.733596837944664,0.9928789420142421,0.8514750762970499,0.883629191321499,0.9038929440389294,0.9826175869120655,0.7070063694267515,0.9337811900191939,0.9858012170385395,0.9715736040609138,0.928,0.976,0.837,0.896,0.743,0.961,0.666,0.973,0.972,0.957
89.55,3.0217359364032745,0.8275862068965517,0.9869608826479438,0.84375,0.8991008991008991,0.8009132420091324,0.9875647668393782,0.7447306791569087,0.9311320754716981,0.9463087248322147,0.9754601226993865,0.84,0.984,0.837,0.9,0.877,0.953,0.636,0.987,0.987,0.954
88.48,3.1794567704200745,0.7965169569202566,0.9879032258064516,0.7866909753874203,0.8817733990147784,0.8992146596858639,0.9729458917835672,0.6870229007633588,0.8988149498632635,0.9878172588832488,0.9901423877327492,0.869,0.98,0.863,0.895,0.687,0.971,0.72,0.986,0.973,0.904
87.86,3.5975130200386047,0.9276139410187667,0.98989898989899,0.7470978441127695,0.9207708779443254,0.9026548672566371,0.9865284974093265,0.6041347626339969,0.9055045871559633,0.9562256809338522,0.9830508474576272,0.692,0.98,0.901,0.86,0.714,0.952,0.789,0.987,0.983,0.928
88.32,3.245351254940033,0.8075506445672191,0.9928571428571429,0.9357664233576642,0.8753568030447193,0.8222442899702085,0.9683168316831683,0.6033195020746888,0.9587109768378651,0.9867751780264497,0.966,0.877,0.973,0.641,0.92,0.828,0.978,0.727,0.952,0.97,0.966
89.46,3.0508745908737183,0.7654008438818566,0.9898682877406282,0.802158273381295,0.9197860962566845,0.813510941960038,0.9818365287588294,0.7818930041152263,0.949317738791423,0.9828801611278952,0.970736629667003,0.907,0.977,0.892,0.86,0.855,0.973,0.57,0.974,0.976,0.962
87.76,3.532416969537735,0.7405924739791834,0.9859578736208626,0.6939687267311988,0.918232044198895,0.9019337016574586,0.9741293532338309,0.7405966277561609,0.9463414634146341,0.9742319127849356,0.9763374485596708,0.925,0.983,0.932,0.831,0.653,0.979,0.571,0.97,0.983,0.949
89.68,3.1075952649116516,0.8223062381852552,0.9898682877406282,0.834774255523535,0.8703703703703703,0.8091324200913242,0.92970946579194,0.8091286307053942,0.9739696312364425,0.9742319127849356,0.9508840864440079,0.87,0.977,0.869,0.94,0.886,0.992,0.585,0.898,0.983,0.968
89.88,2.94931423664093,0.8606307222787386,0.9743589743589743,0.8271844660194175,0.9489795918367347,0.7882562277580071,0.9722772277227723,0.7242455775234131,0.9472140762463344,0.9809428284854563,0.9774590163934426,0.846,0.988,0.852,0.837,0.886,0.982,0.696,0.969,0.978,0.954
89.51,2.9368527233600616,0.8917050691244239,0.9668292682926829,0.8658008658008658,0.8887804878048781,0.8425357873210634,0.9780439121756487,0.6608695652173913,0.9403272377285852,0.9619140625,0.983419689119171,0.774,0.991,0.8,0.911,0.824,0.98,0.76,0.977,0.985,0.949
89.7,2.9590780436992645,0.7840909090909091,0.9919191919191919,0.8355899419729207,0.9120654396728016,0.7988980716253443,0.957405614714424,0.7742363877822045,0.956,0.9780658025922233,0.9795081967213115,0.897,0.982,0.864,0.892,0.87,0.989,0.583,0.956,0.981,0.956
89.08,3.0737868547439575,0.7483870967741936,0.9948927477017364,0.8036697247706422,0.9249183895538629,0.8184494602551521,0.972972972972973,0.7849315068493151,0.9492537313432836,0.9656526005888125,0.963,0.928,0.974,0.876,0.85,0.834,0.972,0.573,0.954,0.984,0.963
89.92,2.923485517501831,0.86892177589852,0.9928934010152284,0.8323643410852714,0.8745283018867924,0.8830874006810443,0.9819639278557114,0.6811059907834102,0.9376797698945349,0.9781094527363184,0.9823834196891191,0.822,0.978,0.859,0.927,0.778,0.98,0.739,0.978,0.983,0.948
89.22,3.1746323108673096,0.8499486125385406,0.9888663967611336,0.928743961352657,0.8231759656652361,0.8201923076923077,0.9535783365570599,0.7168998923573735,0.967741935483871,0.9214953271028037,0.9575098814229249,0.827,0.977,0.769,0.959,0.853,0.986,0.666,0.93,0.986,0.969
88.89,3.3225367963314056,0.7744360902255639,0.9753208292201382,0.907292954264524,0.8838095238095238,0.719626168224299,0.9740518962075848,0.8297872340425532,0.9703389830508474,0.9857578840284842,0.9254716981132075,0.927,0.988,0.734,0.928,0.924,0.976,0.546,0.916,0.969,0.981
88.77,3.0774669349193573,0.781305114638448,0.9888438133874239,0.8926096997690531,0.9043112513144059,0.7828828828828829,0.982706002034588,0.6775210084033614,0.9273584905660377,0.9809045226130654,0.980269989615784,0.886,0.975,0.773,0.86,0.869,0.966,0.645,0.983,0.976,0.944
89.71,2.894471064209938,0.7966549295774648,0.9928789420142421,0.870625662778367,0.8900778210116731,0.8222862632084534,0.9710578842315369,0.7650676506765067,0.9557344064386318,0.9372026641294006,0.9593657086223984,0.905,0.976,0.821,0.915,0.856,0.973,0.622,0.95,0.985,0.968
88.4,3.3586756587028503,0.8252895752895753,0.9888776541961577,0.7453781512605042,0.8917576961271102,0.7779735682819383,0.9955947136563876,0.8031496062992126,0.9132075471698113,0.9751491053677932,0.9439071566731141,0.855,0.978,0.887,0.898,0.883,0.904,0.51,0.968,0.981,0.976
88.72,3.152172237634659,0.8759604829857299,0.9724137931034482,0.876993166287016,0.9245689655172413,0.7071698113207547,0.9694280078895463,0.711731843575419,0.9577039274924471,0.9472168905950096,0.964964964964965,0.798,0.987,0.77,0.858,0.937,0.983,0.637,0.951,0.987,0.964
88.11,3.330623358488083,0.8923821039903265,0.997920997920998,0.8664529914529915,0.8369369369369369,0.7805530776092774,0.9797160243407708,0.6727941176470589,0.9721603563474388,0.9915433403805497,0.8783303730017762,0.738,0.96,0.811,0.929,0.875,0.966,0.732,0.873,0.938,0.989
87.83,3.6374286711215973,0.8137347130761995,0.9918450560652395,0.6640625,0.8631677600749765,0.8951724137931034,0.9796954314720813,0.758576874205845,0.9295908658420552,0.9916579770594369,0.9753593429158111,0.865,0.973,0.935,0.921,0.649,0.965,0.597,0.977,0.951,0.95
